Date,Price
2/13/2020,"1,576.30"
2/12/2020,"1,568.80"
2/11/2020,"1,567.20"
2/10/2020,"1,576.60"
2/7/2020,"1,570.60"
2/6/2020,"1,567.20"
2/5/2020,"1,560.10"
2/4/2020,"1,552.70"
2/3/2020,"1,579.50"
1/31/2020,"1,584.90"
1/30/2020,"1,586.50"
1/29/2020,"1,570.40"
1/28/2020,"1,569.80"
1/27/2020,"1,577.40"
1/24/2020,"1,571.90"
1/23/2020,"1,565.40"
1/22/2020,"1,556.70"
1/21/2020,"1,557.90"
1/20/2020,"1,557.90"
1/17/2020,"1,560.30"
1/16/2020,"1,550.50"
1/15/2020,"1,554.00"
1/14/2020,"1,544.60"
1/13/2020,"1,550.60"
1/10/2020,"1,560.10"
1/9/2020,"1,554.30"
1/8/2020,"1,560.20"
1/7/2020,"1,574.30"
1/6/2020,"1,568.80"
1/3/2020,"1,552.40"
1/2/2020,"1,528.10"
12/31/2019,"1,523.10"
12/30/2019,"1,518.60"
12/27/2019,"1,514.30"
12/26/2019,"1,510.70"
12/24/2019,"1,500.60"
12/23/2019,"1,484.30"
12/20/2019,"1,477.00"
12/19/2019,"1,480.20"
12/18/2019,"1,474.70"
12/17/2019,"1,477.00"
12/16/2019,"1,477.90"
12/13/2019,"1,478.60"
12/12/2019,"1,469.80"
12/11/2019,"1,472.70"
12/10/2019,"1,465.90"
12/9/2019,"1,462.80"
12/6/2019,"1,462.50"
12/5/2019,"1,480.30"
12/4/2019,"1,477.50"
12/3/2019,"1,481.60"
12/2/2019,"1,466.40"
11/29/2019,"1,470.00"
11/28/2019,"1,472.70"
11/27/2019,"1,457.90"
11/26/2019,"1,460.30"
11/25/2019,"1,456.90"
11/22/2019,"1,463.60"
11/21/2019,"1,463.60"
11/20/2019,"1,474.20"
11/19/2019,"1,474.30"
11/18/2019,"1,471.90"
11/15/2019,"1,468.50"
11/14/2019,"1,473.40"
11/13/2019,"1,463.30"
11/12/2019,"1,453.70"
11/11/2019,"1,457.10"
11/8/2019,"1,462.90"
11/7/2019,"1,466.40"
11/6/2019,"1,493.10"
11/5/2019,"1,483.70"
11/4/2019,"1,511.10"
11/1/2019,"1,511.40"
10/31/2019,"1,514.80"
10/30/2019,"1,496.70"
10/29/2019,"1,487.40"
10/28/2019,"1,492.40"
10/25/2019,"1,501.70"
10/24/2019,"1,501.00"
10/23/2019,"1,491.80"
10/22/2019,"1,483.60"
10/21/2019,"1,484.20"
10/18/2019,"1,490.00"
10/17/2019,"1,494.20"
10/16/2019,"1,490.20"
10/15/2019,"1,479.70"
10/14/2019,"1,493.80"
10/11/2019,"1,484.70"
10/10/2019,"1,497.00"
10/9/2019,"1,508.90"
10/8/2019,"1,500.10"
10/7/2019,"1,500.70"
10/4/2019,"1,509.20"
10/3/2019,"1,510.10"
10/2/2019,"1,504.10"
10/1/2019,"1,485.20"
9/30/2019,"1,469.20"
9/27/2019,"1,502.70"
9/26/2019,"1,507.90"
9/25/2019,"1,505.10"
9/24/2019,"1,532.60"
9/23/2019,"1,524.00"
9/20/2019,"1,508.00"
9/19/2019,"1,499.50"
9/18/2019,"1,509.10"
9/17/2019,"1,506.90"
9/16/2019,"1,504.80"
9/13/2019,"1,492.90"
9/12/2019,"1,500.80"
9/11/2019,"1,496.60"
9/10/2019,"1,492.70"
9/9/2019,"1,504.50"
9/6/2019,"1,509.00"
9/5/2019,"1,519.00"
9/4/2019,"1,554.00"
9/3/2019,"1,549.60"
9/2/2019,"1,555.90"
8/30/2019,"1,523.00"
8/29/2019,"1,530.50"
8/28/2019,"1,538.80"
8/27/2019,"1,541.40"
8/26/2019,"1,527.20"
8/23/2019,"1,527.90"
8/22/2019,"1,498.70"
8/21/2019,"1,506.10"
8/20/2019,"1,506.30"
8/19/2019,"1,502.10"
8/16/2019,"1,514.10"
8/15/2019,"1,521.70"
8/14/2019,"1,518.50"
8/13/2019,"1,504.30"
8/12/2019,"1,507.70"
8/9/2019,"1,498.60"
8/8/2019,"1,499.70"
8/7/2019,"1,509.60"
8/6/2019,"1,475.20"
8/5/2019,"1,467.70"
8/2/2019,"1,448.70"
8/1/2019,"1,424.20"
7/31/2019,"1,429.10"
7/30/2019,"1,433.40"
7/29/2019,"1,420.40"
7/26/2019,"1,419.30"
7/25/2019,"1,414.70"
7/24/2019,"1,423.60"
7/23/2019,"1,421.70"
7/22/2019,"1,426.90"
7/19/2019,"1,426.70"
7/18/2019,"1,428.10"
7/17/2019,"1,423.30"
7/16/2019,"1,411.20"
7/15/2019,"1,413.50"
7/12/2019,"1,412.20"
7/11/2019,"1,406.70"
7/10/2019,"1,412.50"
7/9/2019,"1,400.50"
7/8/2019,"1,400.00"
7/5/2019,"1,400.10"
7/4/2019,"1,400.10"
7/3/2019,"1,420.90"
7/2/2019,"1,408.00"
7/1/2019,"1,389.30"
6/28/2019,"1,413.70"
6/27/2019,"1,412.00"
6/26/2019,"1,411.50"
6/25/2019,"1,415.80"
6/24/2019,"1,415.20"
6/21/2019,"1,397.30"
6/20/2019,"1,394.10"
6/19/2019,"1,345.80"
6/18/2019,"1,347.80"
6/17/2019,"1,340.00"
6/14/2019,"1,341.70"
6/13/2019,"1,340.80"
6/12/2019,"1,333.90"
6/11/2019,"1,328.30"
6/10/2019,"1,326.30"
6/7/2019,"1,343.30"
6/6/2019,"1,339.80"
6/5/2019,"1,330.60"
6/4/2019,"1,325.70"
6/3/2019,"1,324.90"
5/31/2019,"1,308.00"
5/30/2019,"1,289.90"
5/29/2019,"1,281.00"
5/28/2019,"1,277.10"
5/27/2019,"1,277.10"
5/24/2019,"1,283.60"
5/23/2019,"1,285.40"
5/22/2019,"1,274.20"
5/21/2019,"1,273.20"
5/20/2019,"1,277.30"
5/17/2019,"1,275.70"
5/16/2019,"1,286.20"
5/15/2019,"1,297.80"
5/14/2019,"1,296.30"
5/13/2019,"1,301.80"
5/10/2019,"1,287.40"
5/9/2019,"1,285.20"
5/8/2019,"1,281.40"
5/7/2019,"1,285.60"
5/6/2019,"1,283.80"
5/3/2019,"1,281.30"
5/2/2019,"1,272.00"
5/1/2019,"1,284.20"
4/30/2019,"1,285.70"
4/29/2019,"1,281.50"
4/26/2019,"1,285.50"
4/25/2019,"1,276.40"
4/24/2019,"1,276.60"
4/23/2019,"1,270.60"
4/22/2019,"1,274.70"
4/18/2019,"1,273.10"
4/17/2019,"1,273.80"
4/16/2019,"1,274.20"
4/15/2019,"1,288.50"
4/12/2019,"1,292.20"
4/11/2019,"1,290.50"
4/10/2019,"1,310.30"
4/9/2019,"1,305.10"
4/8/2019,"1,298.80"
4/5/2019,"1,292.60"
4/4/2019,"1,291.40"
4/3/2019,"1,292.30"
4/2/2019,"1,292.50"
4/1/2019,"1,291.20"
3/29/2019,"1,295.60"
3/28/2019,"1,292.50"
3/27/2019,"1,310.40"
3/26/2019,"1,315.00"
3/25/2019,"1,322.60"
3/22/2019,"1,312.30"
3/21/2019,"1,307.30"
3/20/2019,"1,301.70"
3/19/2019,"1,306.50"
3/18/2019,"1,301.50"
3/15/2019,"1,302.90"
3/14/2019,"1,295.10"
3/13/2019,"1,309.30"
3/12/2019,"1,298.10"
3/11/2019,"1,291.10"
3/8/2019,"1,299.30"
3/7/2019,"1,286.10"
3/6/2019,"1,287.60"
3/5/2019,"1,284.70"
3/4/2019,"1,287.50"
3/1/2019,"1,299.20"
2/28/2019,"1,316.10"
2/27/2019,"1,321.20"
2/26/2019,"1,325.30"
2/25/2019,"1,326.50"
2/22/2019,"1,329.70"
2/21/2019,"1,324.60"
2/20/2019,"1,344.10"
2/19/2019,"1,340.80"
2/18/2019,"1,344.80"
2/15/2019,"1,319.10"
2/14/2019,"1,311.30"
2/13/2019,"1,312.40"
2/12/2019,"1,311.30"
2/11/2019,"1,309.20"
2/8/2019,"1,315.90"
2/7/2019,"1,311.60"
2/6/2019,"1,311.70"
2/5/2019,"1,316.50"
2/4/2019,"1,316.60"
2/1/2019,"1,319.30"
1/31/2019,"1,322.30"
1/30/2019,"1,312.80"
1/29/2019,"1,308.90"
1/28/2019,"1,303.10"
1/25/2019,"1,298.10"
1/24/2019,"1,279.80"
1/23/2019,"1,284.00"
1/22/2019,"1,283.40"
1/21/2019,"1,283.40"
1/18/2019,"1,282.60"
1/17/2019,"1,292.30"
1/16/2019,"1,293.80"
1/15/2019,"1,288.40"
1/14/2019,"1,291.30"
1/11/2019,"1,289.50"
1/10/2019,"1,287.40"
1/9/2019,"1,292.00"
1/8/2019,"1,285.90"
1/7/2019,"1,289.90"
1/4/2019,"1,285.80"
1/3/2019,"1,294.80"
1/2/2019,"1,284.10"
12/31/2018,"1,281.30"
12/28/2018,"1,283.00"
12/27/2018,"1,277.40"
12/26/2018,"1,269.00"
12/24/2018,"1,267.90"
12/21/2018,"1,254.60"
12/20/2018,"1,263.90"
12/19/2018,"1,252.60"
12/18/2018,"1,250.10"
12/17/2018,"1,248.20"
12/14/2018,"1,237.90"
12/13/2018,"1,243.70"
12/12/2018,"1,246.10"
12/11/2018,"1,242.80"
12/10/2018,"1,244.90"
12/7/2018,"1,248.20"
12/6/2018,"1,239.70"
12/5/2018,"1,239.10"
12/4/2018,"1,243.30"
12/3/2018,"1,236.90"
11/30/2018,"1,223.60"
11/29/2018,"1,227.90"
11/28/2018,"1,223.60"
11/27/2018,"1,213.40"
11/26/2018,"1,222.40"
11/23/2018,"1,223.20"
11/22/2018,"1,223.20"
11/21/2018,"1,228.00"
11/20/2018,"1,221.20"
11/19/2018,"1,225.30"
11/16/2018,"1,223.00"
11/15/2018,"1,215.00"
11/14/2018,"1,210.10"
11/13/2018,"1,201.40"
11/12/2018,"1,203.50"
11/9/2018,"1,208.60"
11/8/2018,"1,225.10"
11/7/2018,"1,228.70"
11/6/2018,"1,226.30"
11/5/2018,"1,232.30"
11/2/2018,"1,233.30"
11/1/2018,"1,238.60"
10/31/2018,"1,215.00"
10/30/2018,"1,225.30"
10/29/2018,"1,224.70"
10/26/2018,"1,232.40"
10/25/2018,"1,229.50"
10/24/2018,"1,228.40"
10/23/2018,"1,234.10"
10/22/2018,"1,222.00"
10/19/2018,"1,226.00"
10/18/2018,"1,227.40"
10/17/2018,"1,224.80"
10/16/2018,"1,228.40"
10/15/2018,"1,227.80"
10/12/2018,"1,219.50"
10/11/2018,"1,225.10"
10/10/2018,"1,190.80"
10/9/2018,"1,188.80"
10/8/2018,"1,185.80"
10/5/2018,"1,202.80"
10/4/2018,"1,198.80"
10/3/2018,"1,200.10"
10/2/2018,"1,204.20"
10/1/2018,"1,189.40"
9/28/2018,"1,193.90"
9/27/2018,"1,185.50"
9/26/2018,"1,194.40"
9/25/2018,"1,199.70"
9/24/2018,"1,199.60"
9/21/2018,"1,196.60"
9/20/2018,"1,206.60"
9/19/2018,"1,203.90"
9/18/2018,"1,198.50"
9/17/2018,"1,201.20"
9/14/2018,"1,196.20"
9/13/2018,"1,202.80"
9/12/2018,"1,205.50"
9/11/2018,"1,196.80"
9/10/2018,"1,194.50"
9/7/2018,"1,195.10"
9/6/2018,"1,199.00"
9/5/2018,"1,196.10"
9/4/2018,"1,194.00"
9/3/2018,"1,199.10"
8/31/2018,"1,201.60"
8/30/2018,"1,200.00"
8/29/2018,"1,204.20"
8/28/2018,"1,207.50"
8/27/2018,"1,209.20"
8/24/2018,"1,206.30"
8/23/2018,"1,187.20"
8/22/2018,"1,196.40"
8/21/2018,"1,193.20"
8/20/2018,"1,187.80"
8/17/2018,"1,177.30"
8/16/2018,"1,177.10"
8/15/2018,"1,178.20"
8/14/2018,"1,194.00"
8/13/2018,"1,192.20"
8/10/2018,"1,212.10"
8/9/2018,"1,213.00"
8/8/2018,"1,214.20"
8/7/2018,"1,211.20"
8/6/2018,"1,210.60"
8/3/2018,"1,215.90"
8/2/2018,"1,212.90"
8/1/2018,"1,220.30"
7/31/2018,"1,226.40"
7/30/2018,"1,224.20"
7/27/2018,"1,223.00"
7/26/2018,"1,225.70"
7/25/2018,"1,231.80"
7/24/2018,"1,225.50"
7/23/2018,"1,225.60"
7/20/2018,"1,231.10"
7/19/2018,"1,224.00"
7/18/2018,"1,227.90"
7/17/2018,"1,227.30"
7/16/2018,"1,239.70"
7/13/2018,"1,241.20"
7/12/2018,"1,246.60"
7/11/2018,"1,244.40"
7/10/2018,"1,255.40"
7/9/2018,"1,259.60"
7/6/2018,"1,255.80"
7/5/2018,"1,258.80"
7/4/2018,"1,258.80"
7/3/2018,"1,253.50"
7/2/2018,"1,241.70"
6/29/2018,"1,254.50"
6/28/2018,"1,251.00"
6/27/2018,"1,253.00"
6/26/2018,"1,258.00"
6/25/2018,"1,267.20"
6/22/2018,"1,268.90"
6/21/2018,"1,268.60"
6/20/2018,"1,272.40"
6/19/2018,"1,276.50"
6/18/2018,"1,278.00"
6/15/2018,"1,276.30"
6/14/2018,"1,306.20"
6/13/2018,"1,299.20"
6/12/2018,"1,297.20"
6/11/2018,"1,301.00"
6/8/2018,"1,300.50"
6/7/2018,"1,300.70"
6/6/2018,"1,299.20"
6/5/2018,"1,299.90"
6/4/2018,"1,295.10"
6/1/2018,"1,297.10"
5/31/2018,"1,302.60"
5/30/2018,"1,304.50"
5/29/2018,"1,299.00"
5/28/2018,"1,299.00"
5/25/2018,"1,303.70"
5/24/2018,"1,304.40"
5/23/2018,"1,289.60"
5/22/2018,"1,292.00"
5/21/2018,"1,290.90"
5/18/2018,"1,291.30"
5/17/2018,"1,289.40"
5/16/2018,"1,291.50"
5/15/2018,"1,290.30"
5/14/2018,"1,318.20"
5/11/2018,"1,320.70"
5/10/2018,"1,322.30"
5/9/2018,"1,313.00"
5/8/2018,"1,313.70"
5/7/2018,"1,314.10"
5/4/2018,"1,314.70"
5/3/2018,"1,312.70"
5/2/2018,"1,305.60"
5/1/2018,"1,306.80"
4/30/2018,"1,319.20"
4/27/2018,"1,323.40"
4/26/2018,"1,314.60"
4/25/2018,"1,319.50"
4/24/2018,"1,329.70"
4/23/2018,"1,320.60"
4/20/2018,"1,334.90"
4/19/2018,"1,345.40"
4/18/2018,"1,350.20"
4/17/2018,"1,346.30"
4/16/2018,"1,347.50"
4/13/2018,"1,344.70"
4/12/2018,"1,338.70"
4/11/2018,"1,356.90"
4/10/2018,"1,342.90"
4/9/2018,"1,337.10"
4/6/2018,"1,333.10"
4/5/2018,"1,325.50"
4/4/2018,"1,337.10"
4/3/2018,"1,334.20"
4/2/2018,"1,343.90"
3/29/2018,"1,324.30"
3/28/2018,"1,326.90"
3/27/2018,"1,342.00"
3/26/2018,"1,355.00"
3/23/2018,"1,349.90"
3/22/2018,"1,327.40"
3/21/2018,"1,321.50"
3/20/2018,"1,311.90"
3/19/2018,"1,317.80"
3/16/2018,"1,312.30"
3/15/2018,"1,317.80"
3/14/2018,"1,325.60"
3/13/2018,"1,327.10"
3/12/2018,"1,320.80"
3/9/2018,"1,324.00"
3/8/2018,"1,321.70"
3/7/2018,"1,327.60"
3/6/2018,"1,335.20"
3/5/2018,"1,319.90"
3/2/2018,"1,323.40"
3/1/2018,"1,305.20"
2/28/2018,"1,317.90"
2/27/2018,"1,318.60"
2/26/2018,"1,330.30"
2/23/2018,"1,327.90"
2/22/2018,"1,330.40"
2/21/2018,"1,329.80"
2/20/2018,"1,328.90"
2/19/2018,"1,331.20"
2/16/2018,"1,353.70"
2/15/2018,"1,352.90"
2/14/2018,"1,355.60"
2/13/2018,"1,328.00"
2/12/2018,"1,324.00"
2/9/2018,"1,313.30"
2/8/2018,"1,316.50"
2/7/2018,"1,312.20"
2/6/2018,"1,326.90"
2/5/2018,"1,333.80"
2/2/2018,"1,334.60"
2/1/2018,"1,345.00"
1/31/2018,"1,340.40"
1/30/2018,"1,337.20"
1/29/2018,"1,340.30"
1/26/2018,"1,352.10"
1/25/2018,"1,362.90"
1/24/2018,"1,356.30"
1/23/2018,"1,336.70"
1/22/2018,"1,331.90"
1/19/2018,"1,333.10"
1/18/2018,"1,327.20"
1/17/2018,"1,339.20"
1/16/2018,"1,337.10"
1/15/2018,"1,337.10"
1/12/2018,"1,334.90"
1/11/2018,"1,322.50"
1/10/2018,"1,319.30"
1/9/2018,"1,313.70"
1/8/2018,"1,320.40"
1/5/2018,"1,322.30"
1/4/2018,"1,321.60"
1/3/2018,"1,318.50"
1/2/2018,"1,316.10"
12/29/2017,"1,309.30"
12/28/2017,"1,297.20"
12/27/2017,"1,288.30"
12/26/2017,"1,285.50"
12/22/2017,"1,277.00"
12/21/2017,"1,268.80"
12/20/2017,"1,267.80"
12/19/2017,"1,262.40"
12/18/2017,"1,263.70"
12/15/2017,"1,255.80"
12/14/2017,"1,255.30"
12/13/2017,"1,246.90"
12/12/2017,"1,239.80"
12/11/2017,"1,245.10"
12/8/2017,"1,246.50"
12/7/2017,"1,251.40"
12/6/2017,"1,264.30"
12/5/2017,"1,263.00"
12/4/2017,"1,275.50"
12/1/2017,"1,280.20"
11/30/2017,"1,274.80"
11/29/2017,"1,283.70"
11/28/2017,"1,294.90"
11/27/2017,"1,294.40"
11/24/2017,"1,287.30"
11/23/2017,"1,287.30"
11/22/2017,"1,292.20"
11/21/2017,"1,281.70"
11/20/2017,"1,275.30"
11/17/2017,"1,296.50"
11/16/2017,"1,278.20"
11/15/2017,"1,277.70"
11/14/2017,"1,282.90"
11/13/2017,"1,278.90"
11/10/2017,"1,274.20"
11/9/2017,"1,287.50"
11/8/2017,"1,283.70"
11/7/2017,"1,275.80"
11/6/2017,"1,281.60"
11/3/2017,"1,269.20"
11/2/2017,"1,278.10"
11/1/2017,"1,277.30"
10/31/2017,"1,270.50"
10/30/2017,"1,277.70"
10/27/2017,"1,268.20"
10/26/2017,"1,266.80"
10/25/2017,"1,276.30"
10/24/2017,"1,275.80"
10/23/2017,"1,278.80"
10/20/2017,"1,278.60"
10/19/2017,"1,288.10"
10/18/2017,"1,281.20"
10/17/2017,"1,284.40"
10/16/2017,"1,301.20"
10/13/2017,"1,302.90"
10/12/2017,"1,294.70"
10/11/2017,"1,287.30"
10/10/2017,"1,292.10"
10/9/2017,"1,283.20"
10/6/2017,"1,273.10"
10/5/2017,"1,271.40"
10/4/2017,"1,275.20"
10/3/2017,"1,273.10"
10/2/2017,"1,274.10"
9/29/2017,"1,282.70"
9/28/2017,"1,286.50"
9/27/2017,"1,284.10"
9/26/2017,"1,297.70"
9/25/2017,"1,307.10"
9/22/2017,"1,297.50"
9/21/2017,"1,294.80"
9/20/2017,"1,316.40"
9/19/2017,"1,310.60"
9/18/2017,"1,310.80"
9/15/2017,"1,325.20"
9/14/2017,"1,329.30"
9/13/2017,"1,328.00"
9/12/2017,"1,332.70"
9/11/2017,"1,335.70"
9/8/2017,"1,351.20"
9/7/2017,"1,350.30"
9/6/2017,"1,339.00"
9/5/2017,"1,344.50"
9/4/2017,"1,344.50"
9/1/2017,"1,330.40"
8/31/2017,"1,322.20"
8/30/2017,"1,314.10"
8/29/2017,"1,318.90"
8/28/2017,"1,315.30"
8/25/2017,"1,297.90"
8/24/2017,"1,292.00"
8/23/2017,"1,294.70"
8/22/2017,"1,291.00"
8/21/2017,"1,296.70"
8/18/2017,"1,291.60"
8/17/2017,"1,292.40"
8/16/2017,"1,282.90"
8/15/2017,"1,279.70"
8/14/2017,"1,290.40"
8/11/2017,"1,294.00"
8/10/2017,"1,290.10"
8/9/2017,"1,279.30"
8/8/2017,"1,262.60"
8/7/2017,"1,261.40"
8/4/2017,"1,261.30"
8/3/2017,"1,271.10"
8/2/2017,"1,275.10"
8/1/2017,"1,276.10"
7/31/2017,"1,270.10"
7/28/2017,"1,271.90"
7/27/2017,"1,261.50"
7/26/2017,"1,250.80"
7/25/2017,"1,253.50"
7/24/2017,"1,255.60"
7/21/2017,"1,256.00"
7/20/2017,"1,246.80"
7/19/2017,"1,243.40"
7/18/2017,"1,243.40"
7/17/2017,"1,235.30"
7/14/2017,"1,229.10"
7/13/2017,"1,218.90"
7/12/2017,"1,220.80"
7/11/2017,"1,216.40"
7/10/2017,"1,214.90"
7/7/2017,"1,211.40"
7/6/2017,"1,225.00"
7/5/2017,"1,223.40"
7/4/2017,"1,221.70"
7/3/2017,"1,221.00"
6/30/2017,"1,244.10"
6/29/2017,"1,247.60"
6/28/2017,"1,249.10"
6/27/2017,"1,246.90"
6/26/2017,"1,246.40"
6/23/2017,"1,256.40"
6/22/2017,"1,249.40"
6/21/2017,"1,245.80"
6/20/2017,"1,243.50"
6/19/2017,"1,246.70"
6/16/2017,"1,256.50"
6/15/2017,"1,254.60"
6/14/2017,"1,275.90"
6/13/2017,"1,268.60"
6/12/2017,"1,268.90"
6/9/2017,"1,271.40"
6/8/2017,"1,279.50"
6/7/2017,"1,293.20"
6/6/2017,"1,301.10"
6/5/2017,"1,286.30"
6/2/2017,"1,283.80"
6/1/2017,"1,273.60"
5/31/2017,"1,279.00"
5/30/2017,"1,269.30"
5/29/2017,"1,265.70"
5/26/2017,"1,271.40"
5/25/2017,"1,259.80"
5/24/2017,"1,256.50"
5/23/2017,"1,258.90"
5/22/2017,"1,264.80"
5/19/2017,"1,256.80"
5/18/2017,"1,256.10"
5/17/2017,"1,262.00"
5/16/2017,"1,239.70"
5/15/2017,"1,233.40"
5/12/2017,"1,231.10"
5/11/2017,"1,227.70"
5/10/2017,"1,222.40"
5/9/2017,"1,219.60"
5/8/2017,"1,230.60"
5/5/2017,"1,230.40"
5/4/2017,"1,232.00"
5/3/2017,"1,252.00"
5/2/2017,"1,260.50"
5/1/2017,"1,258.90"
4/28/2017,"1,271.70"
4/27/2017,"1,269.30"
4/26/2017,"1,267.60"
4/25/2017,"1,270.60"
4/24/2017,"1,277.50"
4/21/2017,"1,289.10"
4/20/2017,"1,283.80"
4/19/2017,"1,283.40"
4/18/2017,"1,294.10"
4/17/2017,"1,291.90"
4/13/2017,"1,288.50"
4/12/2017,"1,278.10"
4/11/2017,"1,274.20"
4/10/2017,"1,253.90"
4/7/2017,"1,257.30"
4/6/2017,"1,253.30"
4/5/2017,"1,248.50"
4/4/2017,"1,258.40"
4/3/2017,"1,254.00"
3/31/2017,"1,251.20"
3/30/2017,"1,248.00"
3/29/2017,"1,253.70"
3/28/2017,"1,255.60"
3/27/2017,"1,255.70"
3/24/2017,"1,248.50"
3/23/2017,"1,247.20"
3/22/2017,"1,249.70"
3/21/2017,"1,246.50"
3/20/2017,"1,234.00"
3/17/2017,"1,230.20"
3/16/2017,"1,227.10"
3/15/2017,"1,200.70"
3/14/2017,"1,202.60"
3/13/2017,"1,203.10"
3/10/2017,"1,201.40"
3/9/2017,"1,203.20"
3/8/2017,"1,209.40"
3/7/2017,"1,216.10"
3/6/2017,"1,225.50"
3/3/2017,"1,226.50"
3/2/2017,"1,232.90"
3/1/2017,"1,250.00"
2/28/2017,"1,253.90"
2/27/2017,"1,258.80"
2/24/2017,"1,258.30"
2/23/2017,"1,251.40"
2/22/2017,"1,233.30"
2/20/2017,"1,238.90"
2/17/2017,"1,239.10"
2/16/2017,"1,241.60"
2/15/2017,"1,233.10"
2/14/2017,"1,225.40"
2/13/2017,"1,225.80"
2/10/2017,"1,235.90"
2/9/2017,"1,236.80"
2/8/2017,"1,239.50"
2/7/2017,"1,236.10"
2/6/2017,"1,232.10"
2/3/2017,"1,220.80"
2/2/2017,"1,219.40"
2/1/2017,"1,208.30"
1/31/2017,"1,211.40"
1/30/2017,"1,196.00"
1/27/2017,"1,188.40"
1/26/2017,"1,189.80"
1/25/2017,"1,197.80"
1/24/2017,"1,210.80"
1/23/2017,"1,215.60"
1/20/2017,"1,204.90"
1/19/2017,"1,201.50"
1/18/2017,"1,212.10"
1/16/2017,"1,212.90"
1/13/2017,"1,196.20"
1/12/2017,"1,199.80"
1/11/2017,"1,196.60"
1/10/2017,"1,185.50"
1/9/2017,"1,184.90"
1/6/2017,"1,173.40"
1/5/2017,"1,181.30"
1/4/2017,"1,165.30"
1/3/2017,"1,162.00"
12/30/2016,"1,151.70"
12/29/2016,"1,158.10"
12/28/2016,"1,140.90"
12/27/2016,"1,138.80"
12/23/2016,"1,133.60"
12/22/2016,"1,130.70"
12/21/2016,"1,133.20"
12/20/2016,"1,133.60"
12/19/2016,"1,142.70"
12/16/2016,"1,137.40"
12/15/2016,"1,129.80"
12/14/2016,"1,163.70"
12/13/2016,"1,159.00"
12/12/2016,"1,165.80"
12/9/2016,"1,161.90"
12/8/2016,"1,172.40"
12/7/2016,"1,177.50"
12/6/2016,"1,170.10"
12/5/2016,"1,176.50"
12/2/2016,"1,177.80"
12/1/2016,"1,169.40"
11/30/2016,"1,173.90"
11/29/2016,"1,190.80"
11/28/2016,"1,190.80"
11/24/2016,"1,178.40"
11/23/2016,"1,189.30"
11/22/2016,"1,211.20"
11/21/2016,"1,209.80"
11/18/2016,"1,208.70"
11/17/2016,"1,216.90"
11/16/2016,"1,223.90"
11/15/2016,"1,224.50"
11/14/2016,"1,221.70"
11/11/2016,"1,224.30"
11/10/2016,"1,266.40"
11/9/2016,"1,273.50"
11/8/2016,"1,274.50"
11/7/2016,"1,279.40"
11/4/2016,"1,304.50"
11/3/2016,"1,303.30"
11/2/2016,"1,308.20"
11/1/2016,"1,288.00"
10/31/2016,"1,273.10"
10/28/2016,"1,276.80"
10/27/2016,"1,269.50"
10/26/2016,"1,266.60"
10/25/2016,"1,273.60"
10/24/2016,"1,263.70"
10/21/2016,"1,267.70"
10/20/2016,"1,267.50"
10/19/2016,"1,269.90"
10/18/2016,"1,262.90"
10/17/2016,"1,256.60"
10/14/2016,"1,255.50"
10/13/2016,"1,257.60"
10/12/2016,"1,253.80"
10/11/2016,"1,255.90"
10/10/2016,"1,260.40"
10/7/2016,"1,251.90"
10/6/2016,"1,253.00"
10/5/2016,"1,268.60"
10/4/2016,"1,269.70"
10/3/2016,"1,312.70"
9/30/2016,"1,317.10"
9/29/2016,"1,326.00"
9/28/2016,"1,323.70"
9/27/2016,"1,330.40"
9/26/2016,"1,344.10"
9/23/2016,"1,341.70"
9/22/2016,"1,344.70"
9/21/2016,"1,331.40"
9/20/2016,"1,318.20"
9/19/2016,"1,317.80"
9/16/2016,"1,310.20"
9/15/2016,"1,318.00"
9/14/2016,"1,326.10"
9/13/2016,"1,323.70"
9/12/2016,"1,325.60"
9/9/2016,"1,334.50"
9/8/2016,"1,341.60"
9/7/2016,"1,349.20"
9/5/2016,"1,354.00"
9/2/2016,"1,326.70"
9/1/2016,"1,317.10"
8/31/2016,"1,311.40"
8/30/2016,"1,316.50"
8/29/2016,"1,327.10"
8/26/2016,"1,325.90"
8/25/2016,"1,324.60"
8/24/2016,"1,329.70"
8/23/2016,"1,346.10"
8/22/2016,"1,343.40"
8/19/2016,"1,346.20"
8/18/2016,"1,357.20"
8/17/2016,"1,348.80"
8/16/2016,"1,356.90"
8/15/2016,"1,347.50"
8/12/2016,"1,343.20"
8/11/2016,"1,350.00"
8/10/2016,"1,351.90"
8/9/2016,"1,346.70"
8/8/2016,"1,341.30"
8/5/2016,"1,344.40"
8/4/2016,"1,367.40"
8/3/2016,"1,364.70"
8/2/2016,"1,372.60"
8/1/2016,"1,359.60"
7/29/2016,"1,357.50"
7/28/2016,"1,341.20"
7/27/2016,"1,326.70"
7/26/2016,"1,320.80"
7/25/2016,"1,319.50"
7/22/2016,"1,323.40"
7/21/2016,"1,331.00"
7/20/2016,"1,319.30"
7/19/2016,"1,332.30"
7/18/2016,"1,329.30"
7/15/2016,"1,327.40"
7/14/2016,"1,332.20"
7/13/2016,"1,343.60"
7/12/2016,"1,335.30"
7/11/2016,"1,356.60"
7/8/2016,"1,358.40"
7/7/2016,"1,362.10"
7/6/2016,"1,367.10"
7/4/2016,"1,358.70"
7/1/2016,"1,339.00"
6/30/2016,"1,320.60"
6/29/2016,"1,326.90"
6/28/2016,"1,317.90"
6/27/2016,"1,324.70"
6/24/2016,"1,322.40"
6/23/2016,"1,263.10"
6/22/2016,"1,270.00"
6/21/2016,"1,272.50"
6/20/2016,"1,292.10"
6/17/2016,"1,294.80"
6/16/2016,"1,298.40"
6/15/2016,"1,288.30"
6/14/2016,"1,288.10"
6/13/2016,"1,286.90"
6/10/2016,"1,275.90"
6/9/2016,"1,272.70"
6/8/2016,"1,262.30"
6/7/2016,"1,247.00"
6/6/2016,"1,247.40"
6/3/2016,"1,242.90"
6/2/2016,"1,212.60"
6/1/2016,"1,214.70"
5/30/2016,"1,217.50"
5/27/2016,"1,216.70"
5/26/2016,"1,220.40"
5/25/2016,"1,223.80"
5/24/2016,"1,229.20"
5/23/2016,"1,251.50"
5/20/2016,"1,252.90"
5/19/2016,"1,254.80"
5/18/2016,"1,274.40"
5/17/2016,"1,276.90"
5/16/2016,"1,274.20"
5/13/2016,"1,272.70"
5/12/2016,"1,271.20"
5/11/2016,"1,275.50"
5/10/2016,"1,264.80"
5/9/2016,"1,266.60"
5/6/2016,"1,294.00"
5/5/2016,"1,272.30"
5/4/2016,"1,274.40"
5/3/2016,"1,291.80"
5/2/2016,"1,295.80"
4/29/2016,"1,290.50"
4/28/2016,"1,266.40"
4/27/2016,"1,250.40"
4/26/2016,"1,243.40"
4/25/2016,"1,240.20"
4/22/2016,"1,230.00"
4/21/2016,"1,250.30"
4/20/2016,"1,254.40"
4/19/2016,"1,254.30"
4/18/2016,"1,235.00"
4/15/2016,"1,234.60"
4/14/2016,"1,226.50"
4/13/2016,"1,248.30"
4/12/2016,"1,260.90"
4/11/2016,"1,258.00"
4/8/2016,"1,243.80"
4/7/2016,"1,237.50"
4/6/2016,"1,223.80"
4/5/2016,"1,229.60"
4/4/2016,"1,219.30"
4/1/2016,"1,223.50"
3/31/2016,"1,235.60"
3/30/2016,"1,228.60"
3/29/2016,"1,235.80"
3/28/2016,"1,220.10"
3/24/2016,"1,221.60"
3/23/2016,"1,224.00"
3/22/2016,"1,248.60"
3/21/2016,"1,244.20"
3/18/2016,"1,254.30"
3/17/2016,"1,265.00"
3/16/2016,"1,229.80"
3/15/2016,"1,231.00"
3/14/2016,"1,245.10"
3/11/2016,"1,259.40"
3/10/2016,"1,272.80"
3/9/2016,"1,257.40"
3/8/2016,"1,262.90"
3/7/2016,"1,264.00"
3/4/2016,"1,270.70"
3/3/2016,"1,258.20"
3/2/2016,"1,241.80"
3/1/2016,"1,230.80"
2/29/2016,"1,234.40"
2/26/2016,"1,220.40"
2/25/2016,"1,238.80"
2/24/2016,"1,239.10"
2/23/2016,"1,222.60"
2/22/2016,"1,210.10"
2/19/2016,"1,230.80"
2/18/2016,"1,226.30"
2/17/2016,"1,211.40"
2/15/2016,"1,208.20"
2/12/2016,"1,239.40"
2/11/2016,"1,247.80"
2/10/2016,"1,194.60"
2/9/2016,"1,198.60"
2/8/2016,"1,197.90"
2/5/2016,"1,157.70"
2/4/2016,"1,157.50"
2/3/2016,"1,141.30"
2/2/2016,"1,127.20"
2/1/2016,"1,128.00"
1/29/2016,"1,116.40"
1/28/2016,"1,116.10"
1/27/2016,"1,115.80"
1/26/2016,"1,120.20"
1/25/2016,"1,105.30"
1/22/2016,"1,096.30"
1/21/2016,"1,098.20"
1/20/2016,"1,106.20"
1/18/2016,"1,089.10"
1/15/2016,"1,090.70"
1/14/2016,"1,073.60"
1/13/2016,"1,087.10"
1/12/2016,"1,085.20"
1/11/2016,"1,096.20"
1/8/2016,"1,097.90"
1/7/2016,"1,107.80"
1/6/2016,"1,091.90"
1/5/2016,"1,078.40"
1/4/2016,"1,075.20"
12/31/2015,"1,060.20"
12/30/2015,"1,059.80"
12/29/2015,"1,068.00"
12/28/2015,"1,068.30"
12/24/2015,"1,075.90"
12/23/2015,"1,068.30"
12/22/2015,"1,074.10"
12/21/2015,"1,080.60"
12/18/2015,"1,065.00"
12/17/2015,"1,049.60"
12/16/2015,"1,076.80"
12/15/2015,"1,061.60"
12/14/2015,"1,063.40"
12/11/2015,"1,075.70"
12/10/2015,"1,072.00"
12/9/2015,"1,076.50"
12/8/2015,"1,075.30"
12/7/2015,"1,075.20"
12/4/2015,"1,084.10"
12/3/2015,"1,061.20"
12/2/2015,"1,053.80"
12/1/2015,"1,063.50"
11/30/2015,"1,065.30"
11/26/2015,"1,056.20"
11/25/2015,"1,070.00"
11/24/2015,"1,073.80"
11/23/2015,"1,066.80"
11/20/2015,"1,076.30"
11/19/2015,"1,077.90"
11/18/2015,"1,068.70"
11/17/2015,"1,068.60"
11/16/2015,"1,083.60"
11/13/2015,"1,080.90"
11/12/2015,"1,081.00"
11/11/2015,"1,084.90"
11/10/2015,"1,088.50"
11/9/2015,"1,088.10"
11/6/2015,"1,087.70"
11/5/2015,"1,104.20"
11/4/2015,"1,106.20"
11/3/2015,"1,114.10"
11/2/2015,"1,135.90"
10/30/2015,"1,141.40"
10/29/2015,"1,147.30"
10/28/2015,"1,176.10"
10/27/2015,"1,165.80"
10/26/2015,"1,166.20"
10/23/2015,"1,162.80"
10/22/2015,"1,166.10"
10/21/2015,"1,167.10"
10/20/2015,"1,177.50"
10/19/2015,"1,172.80"
10/16/2015,"1,183.10"
10/15/2015,"1,187.50"
10/14/2015,"1,179.80"
10/13/2015,"1,165.40"
10/12/2015,"1,164.50"
10/9/2015,"1,155.90"
10/8/2015,"1,144.30"
10/7/2015,"1,148.70"
10/6/2015,"1,146.40"
10/5/2015,"1,137.60"
10/2/2015,"1,136.60"
10/1/2015,"1,113.70"
9/30/2015,"1,115.20"
9/29/2015,"1,126.80"
9/28/2015,"1,131.70"
9/25/2015,"1,145.60"
9/24/2015,"1,153.80"
9/23/2015,"1,131.50"
9/22/2015,"1,124.80"
9/21/2015,"1,132.80"
9/18/2015,"1,137.80"
9/17/2015,"1,117.00"
9/16/2015,"1,119.00"
9/15/2015,"1,102.60"
9/14/2015,"1,107.70"
9/11/2015,"1,103.30"
9/10/2015,"1,109.30"
9/9/2015,"1,102.00"
9/7/2015,"1,121.00"
9/4/2015,"1,121.40"
9/3/2015,"1,124.50"
9/2/2015,"1,133.60"
9/1/2015,"1,139.80"
8/31/2015,"1,132.50"
8/28/2015,"1,134.00"
8/27/2015,"1,122.60"
8/26/2015,"1,124.60"
8/25/2015,"1,138.30"
8/24/2015,"1,153.60"
8/21/2015,"1,159.60"
8/20/2015,"1,153.20"
8/19/2015,"1,127.90"
8/18/2015,"1,116.90"
8/17/2015,"1,118.40"
8/14/2015,"1,112.70"
8/13/2015,"1,115.60"
8/12/2015,"1,123.60"
8/11/2015,"1,107.70"
8/10/2015,"1,104.10"
8/7/2015,"1,094.10"
8/6/2015,"1,090.10"
8/5/2015,"1,085.60"
8/4/2015,"1,090.70"
8/3/2015,"1,089.40"
7/31/2015,"1,095.10"
7/30/2015,"1,088.70"
7/29/2015,"1,092.60"
7/28/2015,"1,096.20"
7/27/2015,"1,096.40"
7/24/2015,"1,085.50"
7/23/2015,"1,094.10"
7/22/2015,"1,091.50"
7/21/2015,"1,103.50"
7/20/2015,"1,106.80"
7/17/2015,"1,131.90"
7/16/2015,"1,143.90"
7/15/2015,"1,147.40"
7/14/2015,"1,153.50"
7/13/2015,"1,155.40"
7/10/2015,"1,157.90"
7/9/2015,"1,159.20"
7/8/2015,"1,163.50"
7/7/2015,"1,152.60"
7/3/2015,"1,173.20"
7/2/2015,"1,163.50"
7/1/2015,"1,169.30"
6/30/2015,"1,171.80"
6/29/2015,"1,179.00"
6/26/2015,"1,173.20"
6/25/2015,"1,171.80"
6/24/2015,"1,172.90"
6/23/2015,"1,176.60"
6/22/2015,"1,184.10"
6/19/2015,"1,201.90"
6/18/2015,"1,202.00"
6/17/2015,"1,176.80"
6/16/2015,"1,180.90"
6/15/2015,"1,185.80"
6/12/2015,"1,179.20"
6/11/2015,"1,180.40"
6/10/2015,"1,186.60"
6/9/2015,"1,177.60"
6/8/2015,"1,173.60"
6/5/2015,"1,168.10"
6/4/2015,"1,175.20"
6/3/2015,"1,184.90"
6/2/2015,"1,194.40"
6/1/2015,"1,188.70"
5/29/2015,"1,189.80"
5/28/2015,"1,188.80"
5/27/2015,"1,185.60"
5/25/2015,"1,186.90"
5/22/2015,"1,204.00"
5/21/2015,"1,204.10"
5/20/2015,"1,208.70"
5/19/2015,"1,206.70"
5/18/2015,"1,227.60"
5/15/2015,"1,225.30"
5/14/2015,"1,225.20"
5/13/2015,"1,218.20"
5/12/2015,"1,192.40"
5/11/2015,"1,183.00"
5/8/2015,"1,188.90"
5/7/2015,"1,182.20"
5/6/2015,"1,190.30"
5/5/2015,"1,193.20"
5/4/2015,"1,186.80"
5/1/2015,"1,174.50"
4/30/2015,"1,182.40"
4/29/2015,"1,210.00"
4/28/2015,"1,213.90"
4/27/2015,"1,203.20"
4/24/2015,"1,175.00"
4/23/2015,"1,194.30"
4/22/2015,"1,186.90"
4/21/2015,"1,203.10"
4/20/2015,"1,193.70"
4/17/2015,"1,203.10"
4/16/2015,"1,198.00"
4/15/2015,"1,201.30"
4/14/2015,"1,192.60"
4/13/2015,"1,199.30"
4/10/2015,"1,204.60"
4/9/2015,"1,193.60"
4/8/2015,"1,203.10"
4/7/2015,"1,210.60"
4/6/2015,"1,218.60"
4/2/2015,"1,200.90"
4/1/2015,"1,208.20"
3/31/2015,"1,183.20"
3/30/2015,"1,185.30"
3/27/2015,"1,199.80"
3/26/2015,"1,204.80"
3/25/2015,"1,197.00"
3/24/2015,"1,191.40"
3/23/2015,"1,187.70"
3/20/2015,"1,184.60"
3/19/2015,"1,169.00"
3/18/2015,"1,151.30"
3/17/2015,"1,148.20"
3/16/2015,"1,153.20"
3/13/2015,"1,152.40"
3/12/2015,"1,151.90"
3/11/2015,"1,150.60"
3/10/2015,"1,160.10"
3/9/2015,"1,166.50"
3/6/2015,"1,164.30"
3/5/2015,"1,196.20"
3/4/2015,"1,200.90"
3/3/2015,"1,204.40"
3/2/2015,"1,208.20"
2/27/2015,"1,213.10"
2/26/2015,"1,210.10"
2/25/2015,"1,201.50"
2/24/2015,"1,197.30"
2/23/2015,"1,200.80"
2/20/2015,"1,204.90"
2/19/2015,"1,207.60"
2/18/2015,"1,200.20"
2/16/2015,"1,208.60"
2/13/2015,"1,227.10"
2/12/2015,"1,220.70"
2/11/2015,"1,219.60"
2/10/2015,"1,232.20"
2/9/2015,"1,241.50"
2/6/2015,"1,234.60"
2/5/2015,"1,262.70"
2/4/2015,"1,264.50"
2/3/2015,"1,260.30"
2/2/2015,"1,276.90"
1/30/2015,"1,279.20"
1/29/2015,"1,255.90"
1/28/2015,"1,285.90"
1/27/2015,"1,291.70"
1/26/2015,"1,279.40"
1/23/2015,"1,292.60"
1/22/2015,"1,300.70"
1/21/2015,"1,293.70"
1/19/2015,"1,294.20"
1/16/2015,"1,276.90"
1/15/2015,"1,264.80"
1/14/2015,"1,234.50"
1/13/2015,"1,234.40"
1/12/2015,"1,232.80"
1/9/2015,"1,216.10"
1/8/2015,"1,208.50"
1/7/2015,"1,210.70"
1/6/2015,"1,219.40"
1/5/2015,"1,204.00"
1/2/2015,"1,186.20"
12/31/2014,"1,184.10"
12/30/2014,"1,200.40"
12/29/2014,"1,181.90"
12/26/2014,"1,195.30"
12/24/2014,"1,173.50"
12/23/2014,"1,178.00"
12/22/2014,"1,179.80"
12/19/2014,"1,196.00"
12/18/2014,"1,194.80"
12/17/2014,"1,194.50"
12/16/2014,"1,194.30"
12/15/2014,"1,207.70"
12/12/2014,"1,222.50"
12/11/2014,"1,225.60"
12/10/2014,"1,229.40"
12/9/2014,"1,232.00"
12/8/2014,"1,194.90"
12/5/2014,"1,190.40"
12/4/2014,"1,207.70"
12/3/2014,"1,208.70"
12/2/2014,"1,199.40"
12/1/2014,"1,218.10"
11/27/2014,"1,175.50"
11/26/2014,"1,197.50"
11/25/2014,"1,197.10"
11/24/2014,"1,195.70"
11/21/2014,"1,197.70"
11/20/2014,"1,190.90"
11/19/2014,"1,193.90"
11/18/2014,"1,197.10"
11/17/2014,"1,183.50"
11/14/2014,"1,185.60"
11/13/2014,"1,161.50"
11/12/2014,"1,159.10"
11/11/2014,"1,163.00"
11/10/2014,"1,159.80"
11/7/2014,"1,169.80"
11/6/2014,"1,142.60"
11/5/2014,"1,145.70"
11/4/2014,"1,167.70"
11/3/2014,"1,169.80"
10/31/2014,"1,171.60"
10/30/2014,"1,198.60"
10/29/2014,"1,224.90"
10/28/2014,"1,229.40"
10/27/2014,"1,229.30"
10/24/2014,"1,231.80"
10/23/2014,"1,229.10"
10/22/2014,"1,245.50"
10/21/2014,"1,251.70"
10/20/2014,"1,244.70"
10/17/2014,"1,239.00"
10/16/2014,"1,241.20"
10/15/2014,"1,244.80"
10/14/2014,"1,234.30"
10/13/2014,"1,230.00"
10/10/2014,"1,221.70"
10/9/2014,"1,225.30"
10/8/2014,"1,206.00"
10/7/2014,"1,212.40"
10/6/2014,"1,207.30"
10/3/2014,"1,192.90"
10/2/2014,"1,215.10"
10/1/2014,"1,215.50"
9/30/2014,"1,211.60"
9/29/2014,"1,218.80"
9/26/2014,"1,215.40"
9/25/2014,"1,221.90"
9/24/2014,"1,219.50"
9/23/2014,"1,222.00"
9/22/2014,"1,217.90"
9/19/2014,"1,216.60"
9/18/2014,"1,226.90"
9/17/2014,"1,235.90"
9/16/2014,"1,236.70"
9/15/2014,"1,235.10"
9/12/2014,"1,231.50"
9/11/2014,"1,239.00"
9/10/2014,"1,245.30"
9/9/2014,"1,248.50"
9/8/2014,"1,254.30"
9/5/2014,"1,267.30"
9/4/2014,"1,266.50"
9/3/2014,"1,270.30"
9/1/2014,"1,265.00"
8/29/2014,"1,287.40"
8/28/2014,"1,290.40"
8/27/2014,"1,283.40"
8/26/2014,"1,285.20"
8/25/2014,"1,278.90"
8/22/2014,"1,280.20"
8/21/2014,"1,275.40"
8/20/2014,"1,295.20"
8/19/2014,"1,296.70"
8/18/2014,"1,299.30"
8/15/2014,"1,306.20"
8/14/2014,"1,315.70"
8/13/2014,"1,314.50"
8/12/2014,"1,310.60"
8/11/2014,"1,310.50"
8/8/2014,"1,311.00"
8/7/2014,"1,312.50"
8/6/2014,"1,308.20"
8/5/2014,"1,285.30"
8/4/2014,"1,288.90"
8/1/2014,"1,294.80"
7/31/2014,"1,282.80"
7/30/2014,"1,296.90"
7/29/2014,"1,298.30"
7/28/2014,"1,303.30"
7/25/2014,"1,303.30"
7/24/2014,"1,290.80"
7/23/2014,"1,304.70"
7/22/2014,"1,306.30"
7/21/2014,"1,313.90"
7/18/2014,"1,309.40"
7/17/2014,"1,316.90"
7/16/2014,"1,299.80"
7/15/2014,"1,297.10"
7/14/2014,"1,306.70"
7/11/2014,"1,337.40"
7/10/2014,"1,339.20"
7/9/2014,"1,324.30"
7/8/2014,"1,316.50"
7/4/2014,"1,317.00"
7/3/2014,"1,320.60"
7/2/2014,"1,330.90"
7/1/2014,"1,326.60"
6/30/2014,"1,322.00"
6/27/2014,"1,320.00"
6/26/2014,"1,317.00"
6/25/2014,"1,322.60"
6/24/2014,"1,321.30"
6/23/2014,"1,318.40"
6/20/2014,"1,316.60"
6/19/2014,"1,314.10"
6/18/2014,"1,272.70"
6/17/2014,"1,272.00"
6/16/2014,"1,275.30"
6/13/2014,"1,274.10"
6/12/2014,"1,274.00"
6/11/2014,"1,261.20"
6/10/2014,"1,260.10"
6/9/2014,"1,253.90"
6/6/2014,"1,252.50"
6/5/2014,"1,253.30"
6/4/2014,"1,244.30"
6/3/2014,"1,244.50"
6/2/2014,"1,244.00"
5/30/2014,"1,246.00"
5/29/2014,"1,257.10"
5/28/2014,"1,259.30"
5/26/2014,"1,265.50"
5/23/2014,"1,291.70"
5/22/2014,"1,295.00"
5/21/2014,"1,288.10"
5/20/2014,"1,294.60"
5/19/2014,"1,293.80"
5/16/2014,"1,293.40"
5/15/2014,"1,293.60"
5/14/2014,"1,305.90"
5/13/2014,"1,294.80"
5/12/2014,"1,295.80"
5/9/2014,"1,287.60"
5/8/2014,"1,287.70"
5/7/2014,"1,288.90"
5/6/2014,"1,308.60"
5/5/2014,"1,309.30"
5/2/2014,"1,302.90"
5/1/2014,"1,283.40"
4/30/2014,"1,295.90"
4/29/2014,"1,296.30"
4/28/2014,"1,299.00"
4/25/2014,"1,300.80"
4/24/2014,"1,290.60"
4/23/2014,"1,284.60"
4/22/2014,"1,281.10"
4/21/2014,"1,288.50"
4/17/2014,"1,293.90"
4/16/2014,"1,303.50"
4/15/2014,"1,300.30"
4/14/2014,"1,327.50"
4/11/2014,"1,319.00"
4/10/2014,"1,320.50"
4/9/2014,"1,305.90"
4/8/2014,"1,309.10"
4/7/2014,"1,298.30"
4/4/2014,"1,303.50"
4/3/2014,"1,284.60"
4/2/2014,"1,290.80"
4/1/2014,"1,280.00"
3/31/2014,"1,283.80"
3/28/2014,"1,294.30"
3/27/2014,"1,294.70"
3/26/2014,"1,303.40"
3/25/2014,"1,311.40"
3/24/2014,"1,311.20"
3/21/2014,"1,336.00"
3/20/2014,"1,330.50"
3/19/2014,"1,341.30"
3/18/2014,"1,359.00"
3/17/2014,"1,372.90"
3/14/2014,"1,379.00"
3/13/2014,"1,372.40"
3/12/2014,"1,370.50"
3/11/2014,"1,346.70"
3/10/2014,"1,341.50"
3/7/2014,"1,338.20"
3/6/2014,"1,351.80"
3/5/2014,"1,340.30"
3/4/2014,"1,337.90"
3/3/2014,"1,350.30"
2/28/2014,"1,321.60"
2/27/2014,"1,331.80"
2/26/2014,"1,328.00"
2/25/2014,"1,342.70"
2/24/2014,"1,338.00"
2/21/2014,"1,323.60"
2/20/2014,"1,316.90"
2/19/2014,"1,320.40"
2/17/2014,"1,324.40"
2/14/2014,"1,318.60"
2/13/2014,"1,300.10"
2/12/2014,"1,295.00"
2/11/2014,"1,289.80"
2/10/2014,"1,274.70"
2/7/2014,"1,262.90"
2/6/2014,"1,257.20"
2/5/2014,"1,256.90"
2/4/2014,"1,251.20"
2/3/2014,"1,259.90"
1/31/2014,"1,239.80"
1/30/2014,"1,242.50"
1/29/2014,"1,262.20"
1/28/2014,"1,250.80"
1/27/2014,"1,263.40"
1/24/2014,"1,264.30"
1/23/2014,"1,262.30"
1/22/2014,"1,238.60"
1/20/2014,"1,241.80"
1/17/2014,"1,251.90"
1/16/2014,"1,240.20"
1/15/2014,"1,238.30"
1/14/2014,"1,245.40"
1/13/2014,"1,251.10"
1/10/2014,"1,246.90"
1/9/2014,"1,229.40"
1/8/2014,"1,225.50"
1/7/2014,"1,229.60"
1/6/2014,"1,238.00"
1/3/2014,"1,238.60"
1/2/2014,"1,225.20"
12/31/2013,"1,202.30"
12/30/2013,"1,203.80"
12/27/2013,"1,214.00"
12/26/2013,"1,212.30"
12/24/2013,"1,203.30"
12/23/2013,"1,197.00"
12/20/2013,"1,203.70"
12/19/2013,"1,193.60"
12/18/2013,"1,235.00"
12/17/2013,"1,230.10"
12/16/2013,"1,244.40"
12/13/2013,"1,234.60"
12/12/2013,"1,224.90"
12/11/2013,"1,257.20"
12/10/2013,"1,261.10"
12/9/2013,"1,234.20"
12/6/2013,"1,229.00"
12/5/2013,"1,231.90"
12/4/2013,"1,247.20"
12/3/2013,"1,220.80"
12/2/2013,"1,221.90"
11/28/2013,"1,250.40"
11/27/2013,"1,237.90"
11/26/2013,"1,241.40"
11/25/2013,"1,241.20"
11/22/2013,"1,244.10"
11/21/2013,"1,243.60"
11/20/2013,"1,258.00"
11/19/2013,"1,273.50"
11/18/2013,"1,272.30"
11/15/2013,"1,287.40"
11/14/2013,"1,286.30"
11/13/2013,"1,268.40"
11/12/2013,"1,271.20"
11/11/2013,"1,281.10"
11/8/2013,"1,284.60"
11/7/2013,"1,308.50"
11/6/2013,"1,317.80"
11/5/2013,"1,308.10"
11/4/2013,"1,314.70"
11/1/2013,"1,313.20"
10/31/2013,"1,323.70"
10/30/2013,"1,349.30"
10/29/2013,"1,345.50"
10/28/2013,"1,352.20"
10/25/2013,"1,352.50"
10/24/2013,"1,350.30"
10/23/2013,"1,334.00"
10/22/2013,"1,342.60"
10/21/2013,"1,315.80"
10/18/2013,"1,314.60"
10/17/2013,"1,323.00"
10/16/2013,"1,282.30"
10/15/2013,"1,273.20"
10/14/2013,"1,276.60"
10/11/2013,"1,268.20"
10/10/2013,"1,296.90"
10/9/2013,"1,307.20"
10/8/2013,"1,324.60"
10/7/2013,"1,325.10"
10/4/2013,"1,309.90"
10/3/2013,"1,317.60"
10/2/2013,"1,320.70"
10/1/2013,"1,286.10"
9/30/2013,"1,327.00"
9/27/2013,"1,339.20"
9/26/2013,"1,324.10"
9/25/2013,"1,336.20"
9/24/2013,"1,316.30"
9/23/2013,"1,327.00"
9/20/2013,"1,332.50"
9/19/2013,"1,369.30"
9/18/2013,"1,307.60"
9/17/2013,"1,309.40"
9/16/2013,"1,317.80"
9/13/2013,"1,308.60"
9/12/2013,"1,330.60"
9/11/2013,"1,363.80"
9/10/2013,"1,364.00"
9/9/2013,"1,386.70"
9/6/2013,"1,386.50"
9/5/2013,"1,373.00"
9/4/2013,"1,390.00"
9/2/2013,"1,412.00"
8/30/2013,"1,396.10"
8/29/2013,"1,412.90"
8/28/2013,"1,418.80"
8/27/2013,"1,420.20"
8/26/2013,"1,393.10"
8/23/2013,"1,395.80"
8/22/2013,"1,370.80"
8/21/2013,"1,370.10"
8/20/2013,"1,372.60"
8/19/2013,"1,365.70"
8/16/2013,"1,371.00"
8/15/2013,"1,360.90"
8/14/2013,"1,333.40"
8/13/2013,"1,320.50"
8/12/2013,"1,334.20"
8/9/2013,"1,312.20"
8/8/2013,"1,309.90"
8/7/2013,"1,285.30"
8/6/2013,"1,282.50"
8/5/2013,"1,302.40"
8/2/2013,"1,310.50"
8/1/2013,"1,311.20"
7/31/2013,"1,313.00"
7/30/2013,"1,324.80"
7/29/2013,"1,328.40"
7/26/2013,"1,321.50"
7/25/2013,"1,328.80"
7/24/2013,"1,319.50"
7/23/2013,"1,334.70"
7/22/2013,"1,336.00"
7/19/2013,"1,292.90"
7/18/2013,"1,284.20"
7/17/2013,"1,277.50"
7/16/2013,"1,290.40"
7/15/2013,"1,283.50"
7/12/2013,"1,277.60"
7/11/2013,"1,279.90"
7/10/2013,"1,247.40"
7/9/2013,"1,245.90"
7/8/2013,"1,234.90"
7/4/2013,"1,212.70"
7/3/2013,"1,251.90"
7/2/2013,"1,243.40"
7/1/2013,"1,255.70"
6/28/2013,"1,223.70"
6/27/2013,"1,211.60"
6/26/2013,"1,229.80"
6/25/2013,"1,275.10"
6/24/2013,"1,277.10"
6/21/2013,"1,292.00"
6/20/2013,"1,286.20"
6/19/2013,"1,374.00"
6/18/2013,"1,366.90"
6/17/2013,"1,383.10"
6/14/2013,"1,387.60"
6/13/2013,"1,377.80"
6/12/2013,"1,392.00"
6/11/2013,"1,377.00"
6/10/2013,"1,386.00"
6/7/2013,"1,383.00"
6/6/2013,"1,415.80"
6/5/2013,"1,398.50"
6/4/2013,"1,397.20"
6/3/2013,"1,411.90"
5/31/2013,"1,393.00"
5/30/2013,"1,412.00"
5/29/2013,"1,391.30"
5/27/2013,"1,378.90"
5/24/2013,"1,386.60"
5/23/2013,"1,391.80"
5/22/2013,"1,367.40"
5/21/2013,"1,377.60"
5/20/2013,"1,384.10"
5/17/2013,"1,364.70"
5/16/2013,"1,386.90"
5/15/2013,"1,396.20"
5/14/2013,"1,424.50"
5/13/2013,"1,434.30"
5/10/2013,"1,436.60"
5/9/2013,"1,468.60"
5/8/2013,"1,473.70"
5/7/2013,"1,448.80"
5/6/2013,"1,468.00"
5/3/2013,"1,464.20"
5/2/2013,"1,467.60"
5/1/2013,"1,446.20"
4/30/2013,"1,472.10"
4/29/2013,"1,467.40"
4/26/2013,"1,453.60"
4/25/2013,"1,462.00"
4/24/2013,"1,423.70"
4/23/2013,"1,408.80"
4/22/2013,"1,421.20"
4/19/2013,"1,395.60"
4/18/2013,"1,392.50"
4/17/2013,"1,382.70"
4/16/2013,"1,387.40"
4/15/2013,"1,361.10"
4/12/2013,"1,501.40"
4/11/2013,"1,564.90"
4/10/2013,"1,558.80"
4/9/2013,"1,586.70"
4/8/2013,"1,572.50"
4/5/2013,"1,575.90"
4/4/2013,"1,552.40"
4/3/2013,"1,553.50"
4/2/2013,"1,575.90"
4/1/2013,"1,600.90"
3/28/2013,"1,595.70"
3/27/2013,"1,607.20"
3/26/2013,"1,595.70"
3/25/2013,"1,604.50"
3/22/2013,"1,606.10"
3/21/2013,"1,613.80"
3/20/2013,"1,607.50"
3/19/2013,"1,611.30"
3/18/2013,"1,604.60"
3/15/2013,"1,592.60"
3/14/2013,"1,590.70"
3/13/2013,"1,588.40"
3/12/2013,"1,591.70"
3/11/2013,"1,578.00"
3/8/2013,"1,576.90"
3/7/2013,"1,575.10"
3/6/2013,"1,574.90"
3/5/2013,"1,574.90"
3/4/2013,"1,572.40"
3/1/2013,"1,572.30"
2/28/2013,"1,578.10"
2/27/2013,"1,595.70"
2/26/2013,"1,615.50"
2/25/2013,"1,586.60"
2/22/2013,"1,572.80"
2/21/2013,"1,578.60"
2/20/2013,"1,578.00"
2/18/2013,"1,604.20"
2/15/2013,"1,609.50"
2/14/2013,"1,635.50"
2/13/2013,"1,645.10"
2/12/2013,"1,649.60"
2/11/2013,"1,649.10"
2/8/2013,"1,666.90"
2/7/2013,"1,671.30"
2/6/2013,"1,678.80"
2/5/2013,"1,673.50"
2/4/2013,"1,676.40"
2/1/2013,"1,670.60"
1/31/2013,"1,662.00"
1/30/2013,"1,681.60"
1/29/2013,"1,660.80"
1/28/2013,"1,652.90"
1/25/2013,"1,656.60"
1/24/2013,"1,669.90"
1/23/2013,"1,686.70"
1/21/2013,"1,693.20"
1/18/2013,"1,687.00"
1/17/2013,"1,690.80"
1/16/2013,"1,683.20"
1/15/2013,"1,683.90"
1/14/2013,"1,669.40"
1/11/2013,"1,660.60"
1/10/2013,"1,678.00"
1/9/2013,"1,655.50"
1/8/2013,"1,662.20"
1/7/2013,"1,646.30"
1/4/2013,"1,648.90"
1/3/2013,"1,674.60"
1/2/2013,"1,688.80"
12/31/2012,"1,675.80"
12/28/2012,"1,655.90"
12/27/2012,"1,663.70"
12/26/2012,"1,660.70"
12/24/2012,"1,659.50"
12/21/2012,"1,660.10"
12/20/2012,"1,645.90"
12/19/2012,"1,667.70"
12/18/2012,"1,670.70"
12/17/2012,"1,698.20"
12/14/2012,"1,697.00"
12/13/2012,"1,696.80"
12/12/2012,"1,717.90"
12/11/2012,"1,709.60"
12/10/2012,"1,714.40"
12/7/2012,"1,705.50"
12/6/2012,"1,701.80"
12/5/2012,"1,693.80"
12/4/2012,"1,695.80"
12/3/2012,"1,721.10"
11/30/2012,"1,712.70"
11/29/2012,"1,729.50"
11/28/2012,"1,716.50"
11/27/2012,"1,742.30"
11/26/2012,"1,749.60"
11/22/2012,"1,751.40"
11/21/2012,"1,728.20"
11/20/2012,"1,723.60"
11/19/2012,"1,734.40"
11/16/2012,"1,714.70"
11/15/2012,"1,713.80"
11/14/2012,"1,730.10"
11/13/2012,"1,724.80"
11/12/2012,"1,730.90"
11/9/2012,"1,730.90"
11/8/2012,"1,726.00"
11/7/2012,"1,714.00"
11/6/2012,"1,715.00"
11/5/2012,"1,683.20"
11/2/2012,"1,675.20"
11/1/2012,"1,715.50"
10/31/2012,"1,719.10"
10/30/2012,"1,712.10"
10/29/2012,"1,708.70"
10/26/2012,"1,711.90"
10/25/2012,"1,713.00"
10/24/2012,"1,701.60"
10/23/2012,"1,709.40"
10/22/2012,"1,726.30"
10/19/2012,"1,724.00"
10/18/2012,"1,744.70"
10/17/2012,"1,753.00"
10/16/2012,"1,746.30"
10/15/2012,"1,737.60"
10/12/2012,"1,759.70"
10/11/2012,"1,770.60"
10/10/2012,"1,765.10"
10/9/2012,"1,765.00"
10/8/2012,"1,775.70"
10/5/2012,"1,780.80"
10/4/2012,"1,796.50"
10/3/2012,"1,779.80"
10/2/2012,"1,775.60"
10/1/2012,"1,783.30"
9/28/2012,"1,773.90"
9/27/2012,"1,780.50"
9/26/2012,"1,753.60"
9/25/2012,"1,766.40"
9/24/2012,"1,764.60"
9/21/2012,"1,778.00"
9/20/2012,"1,770.20"
9/19/2012,"1,771.70"
9/18/2012,"1,771.20"
9/17/2012,"1,770.60"
9/14/2012,"1,772.70"
9/13/2012,"1,772.10"
9/12/2012,"1,733.70"
9/11/2012,"1,734.90"
9/10/2012,"1,731.80"
9/7/2012,"1,740.50"
9/6/2012,"1,705.60"
9/5/2012,"1,694.00"
9/3/2012,"1,696.00"
8/31/2012,"1,687.60"
8/30/2012,"1,657.10"
8/29/2012,"1,663.00"
8/28/2012,"1,669.70"
8/27/2012,"1,675.60"
8/24/2012,"1,672.90"
8/23/2012,"1,672.80"
8/22/2012,"1,640.50"
8/21/2012,"1,642.90"
8/20/2012,"1,623.00"
8/17/2012,"1,619.40"
8/16/2012,"1,619.20"
8/15/2012,"1,606.60"
8/14/2012,"1,602.40"
8/13/2012,"1,612.60"
8/10/2012,"1,622.80"
8/9/2012,"1,620.20"
8/8/2012,"1,616.00"
8/7/2012,"1,612.80"
8/6/2012,"1,616.20"
8/3/2012,"1,609.30"
8/2/2012,"1,590.70"
8/1/2012,"1,607.30"
7/31/2012,"1,614.60"
7/30/2012,"1,624.00"
7/27/2012,"1,618.00"
7/26/2012,"1,615.10"
7/25/2012,"1,608.10"
7/24/2012,"1,576.20"
7/23/2012,"1,577.40"
7/20/2012,"1,582.80"
7/19/2012,"1,580.40"
7/18/2012,"1,570.80"
7/17/2012,"1,589.50"
7/16/2012,"1,591.60"
7/13/2012,"1,592.00"
7/12/2012,"1,565.30"
7/11/2012,"1,575.70"
7/10/2012,"1,579.80"
7/9/2012,"1,589.10"
7/6/2012,"1,578.90"
7/4/2012,"1,609.40"
7/3/2012,"1,621.80"
7/2/2012,"1,597.70"
6/29/2012,"1,604.20"
6/28/2012,"1,550.40"
6/27/2012,"1,578.40"
6/26/2012,"1,574.90"
6/25/2012,"1,588.40"
6/22/2012,"1,566.90"
6/21/2012,"1,565.50"
6/20/2012,"1,615.80"
6/19/2012,"1,623.20"
6/18/2012,"1,627.00"
6/15/2012,"1,628.10"
6/14/2012,"1,619.60"
6/13/2012,"1,619.40"
6/12/2012,"1,613.80"
6/11/2012,"1,596.80"
6/8/2012,"1,591.40"
6/7/2012,"1,588.00"
6/6/2012,"1,634.20"
6/5/2012,"1,616.90"
6/4/2012,"1,613.90"
6/1/2012,"1,622.10"
5/31/2012,"1,564.20"
5/30/2012,"1,565.70"
5/28/2012,"1,548.70"
5/25/2012,"1,568.90"
5/24/2012,"1,557.50"
5/23/2012,"1,548.40"
5/22/2012,"1,576.60"
5/21/2012,"1,588.70"
5/18/2012,"1,591.90"
5/17/2012,"1,574.90"
5/16/2012,"1,536.60"
5/15/2012,"1,557.10"
5/14/2012,"1,561.00"
5/11/2012,"1,584.00"
5/10/2012,"1,595.50"
5/9/2012,"1,594.20"
5/8/2012,"1,604.50"
5/7/2012,"1,639.10"
5/4/2012,"1,645.20"
5/3/2012,"1,634.80"
5/2/2012,"1,654.00"
5/1/2012,"1,662.40"
4/30/2012,"1,664.20"
4/27/2012,"1,664.80"
4/26/2012,"1,660.50"
4/25/2012,"1,642.30"
4/24/2012,"1,643.80"
4/23/2012,"1,632.60"
4/20/2012,"1,642.80"
4/19/2012,"1,641.40"
4/18/2012,"1,639.60"
4/17/2012,"1,651.10"
4/16/2012,"1,649.70"
4/13/2012,"1,660.20"
4/12/2012,"1,680.60"
4/11/2012,"1,660.30"
4/10/2012,"1,660.70"
4/9/2012,"1,643.90"
4/5/2012,"1,630.10"
4/4/2012,"1,614.10"
4/3/2012,"1,672.00"
4/2/2012,"1,679.70"
3/30/2012,"1,671.90"
3/29/2012,"1,654.90"
3/28/2012,"1,657.90"
3/27/2012,"1,684.90"
3/26/2012,"1,685.60"
3/23/2012,"1,662.40"
3/22/2012,"1,642.50"
3/21/2012,"1,650.30"
3/20/2012,"1,647.00"
3/19/2012,"1,667.30"
3/16/2012,"1,655.80"
3/15/2012,"1,659.50"
3/14/2012,"1,642.90"
3/13/2012,"1,694.20"
3/12/2012,"1,699.80"
3/9/2012,"1,711.50"
3/8/2012,"1,698.70"
3/7/2012,"1,683.90"
3/6/2012,"1,672.10"
3/5/2012,"1,703.90"
3/2/2012,"1,709.80"
3/1/2012,"1,722.20"
2/29/2012,"1,711.30"
2/28/2012,"1,788.40"
2/27/2012,"1,774.90"
2/24/2012,"1,776.40"
2/23/2012,"1,786.30"
2/22/2012,"1,771.30"
2/20/2012,"1,758.50"
2/17/2012,"1,725.90"
2/16/2012,"1,728.40"
2/15/2012,"1,728.10"
2/14/2012,"1,717.70"
2/13/2012,"1,724.90"
2/10/2012,"1,725.30"
2/9/2012,"1,741.20"
2/8/2012,"1,731.30"
2/7/2012,"1,748.40"
2/6/2012,"1,724.90"
2/3/2012,"1,740.30"
2/2/2012,"1,759.30"
2/1/2012,"1,749.50"
1/31/2012,"1,740.40"
1/30/2012,"1,734.40"
1/27/2012,"1,732.20"
1/26/2012,"1,726.70"
1/25/2012,"1,700.10"
1/24/2012,"1,664.50"
1/23/2012,"1,678.30"
1/20/2012,"1,664.00"
1/19/2012,"1,654.50"
1/18/2012,"1,659.90"
1/16/2012,"1,655.60"
1/13/2012,"1,630.80"
1/12/2012,"1,647.70"
1/11/2012,"1,639.60"
1/10/2012,"1,631.50"
1/9/2012,"1,608.10"
1/6/2012,"1,616.80"
1/5/2012,"1,620.10"
1/4/2012,"1,612.70"
1/3/2012,"1,600.50"
12/30/2011,"1,566.80"
12/29/2011,"1,540.90"
12/28/2011,"1,564.10"
12/27/2011,"1,595.50"
12/23/2011,"1,606.00"
12/22/2011,"1,610.60"
12/21/2011,"1,613.60"
12/20/2011,"1,617.60"
12/19/2011,"1,596.70"
12/16/2011,"1,597.90"
12/15/2011,"1,577.20"
12/14/2011,"1,586.90"
12/13/2011,"1,663.10"
12/12/2011,"1,668.20"
12/9/2011,"1,716.80"
12/8/2011,"1,713.40"
12/7/2011,"1,744.80"
12/6/2011,"1,731.80"
12/5/2011,"1,734.50"
12/2/2011,"1,751.30"
12/1/2011,"1,739.80"
11/30/2011,"1,750.30"
11/29/2011,"1,718.90"
11/28/2011,"1,710.80"
11/24/2011,"1,685.70"
11/23/2011,"1,695.90"
11/22/2011,"1,702.40"
11/21/2011,"1,678.60"
11/18/2011,"1,725.10"
11/17/2011,"1,720.20"
11/16/2011,"1,774.30"
11/15/2011,"1,782.20"
11/14/2011,"1,778.40"
11/11/2011,"1,788.10"
11/10/2011,"1,759.60"
11/9/2011,"1,791.60"
11/8/2011,"1,799.20"
11/7/2011,"1,791.10"
11/4/2011,"1,756.10"
11/3/2011,"1,765.10"
11/2/2011,"1,729.60"
11/1/2011,"1,711.80"
10/31/2011,"1,725.20"
10/28/2011,"1,747.20"
10/27/2011,"1,747.70"
10/26/2011,"1,723.50"
10/25/2011,"1,700.40"
10/24/2011,"1,652.30"
10/21/2011,"1,636.10"
10/20/2011,"1,612.90"
10/19/2011,"1,647.00"
10/18/2011,"1,652.80"
10/17/2011,"1,676.60"
10/14/2011,"1,683.00"
10/13/2011,"1,668.50"
10/12/2011,"1,682.60"
10/11/2011,"1,661.00"
10/10/2011,"1,670.80"
10/7/2011,"1,635.80"
10/6/2011,"1,653.20"
10/5/2011,"1,641.60"
10/4/2011,"1,616.00"
10/3/2011,"1,657.70"
9/30/2011,"1,622.30"
9/29/2011,"1,617.30"
9/28/2011,"1,618.10"
9/27/2011,"1,652.50"
9/26/2011,"1,594.80"
9/23/2011,"1,639.80"
9/22/2011,"1,741.70"
9/21/2011,"1,808.10"
9/20/2011,"1,809.10"
9/19/2011,"1,778.90"
9/16/2011,"1,814.70"
9/15/2011,"1,781.40"
9/14/2011,"1,826.50"
9/13/2011,"1,830.10"
9/12/2011,"1,813.30"
9/9/2011,"1,859.50"
9/8/2011,"1,857.50"
9/7/2011,"1,817.60"
9/5/2011,"1,873.30"
9/2/2011,"1,876.90"
9/1/2011,"1,829.10"
8/31/2011,"1,831.70"
8/30/2011,"1,829.80"
8/29/2011,"1,791.60"
8/26/2011,"1,797.30"
8/25/2011,"1,763.20"
8/24/2011,"1,757.30"
8/23/2011,"1,861.30"
8/22/2011,"1,891.90"
8/19/2011,"1,852.20"
8/18/2011,"1,822.00"
8/17/2011,"1,793.80"
8/16/2011,"1,785.00"
8/15/2011,"1,758.00"
8/12/2011,"1,742.60"
8/11/2011,"1,751.50"
8/10/2011,"1,784.30"
8/9/2011,"1,743.00"
8/8/2011,"1,713.20"
8/5/2011,"1,651.80"
8/4/2011,"1,659.00"
8/3/2011,"1,666.30"
8/2/2011,"1,644.50"
8/1/2011,"1,621.70"
7/29/2011,"1,631.20"
7/28/2011,"1,616.20"
7/27/2011,"1,615.10"
7/26/2011,"1,616.80"
7/25/2011,"1,612.20"
7/22/2011,"1,601.50"
7/21/2011,"1,587.00"
7/20/2011,"1,596.90"
7/19/2011,"1,601.10"
7/18/2011,"1,602.40"
7/15/2011,"1,590.10"
7/14/2011,"1,589.30"
7/13/2011,"1,585.50"
7/12/2011,"1,562.30"
7/11/2011,"1,549.20"
7/8/2011,"1,541.60"
7/7/2011,"1,530.60"
7/6/2011,"1,529.20"
7/4/2011,"1,512.70"
7/1/2011,"1,482.60"
6/30/2011,"1,502.80"
6/29/2011,"1,510.40"
6/28/2011,"1,500.20"
6/27/2011,"1,496.40"
6/24/2011,"1,500.90"
6/23/2011,"1,520.50"
6/22/2011,"1,553.40"
6/21/2011,"1,546.40"
6/20/2011,"1,542.00"
6/17/2011,"1,539.10"
6/16/2011,"1,529.90"
6/15/2011,"1,526.20"
6/14/2011,"1,524.40"
6/13/2011,"1,515.60"
6/10/2011,"1,529.20"
6/9/2011,"1,542.70"
6/8/2011,"1,538.70"
6/7/2011,"1,544.00"
6/6/2011,"1,547.20"
6/3/2011,"1,542.40"
6/2/2011,"1,532.70"
6/1/2011,"1,543.20"
5/30/2011,"1,536.80"
5/27/2011,"1,537.30"
5/26/2011,"1,522.80"
5/25/2011,"1,526.70"
5/24/2011,"1,523.30"
5/23/2011,"1,515.40"
5/20/2011,"1,508.90"
5/19/2011,"1,492.40"
5/18/2011,"1,495.80"
5/17/2011,"1,480.00"
5/16/2011,"1,490.60"
5/13/2011,"1,493.60"
5/12/2011,"1,506.80"
5/11/2011,"1,501.40"
5/10/2011,"1,516.90"
5/9/2011,"1,503.20"
5/6/2011,"1,491.60"
5/5/2011,"1,481.40"
5/4/2011,"1,515.30"
5/3/2011,"1,540.40"
5/2/2011,"1,557.10"
4/29/2011,"1,556.40"
4/28/2011,"1,531.20"
4/27/2011,"1,517.10"
4/26/2011,"1,503.50"
4/25/2011,"1,509.10"
4/21/2011,"1,503.80"
4/20/2011,"1,498.90"
4/19/2011,"1,495.10"
4/18/2011,"1,492.90"
4/15/2011,"1,486.00"
4/14/2011,"1,472.40"
4/13/2011,"1,455.60"
4/12/2011,"1,453.60"
4/11/2011,"1,468.10"
4/8/2011,"1,474.10"
4/7/2011,"1,459.30"
4/6/2011,"1,458.50"
4/5/2011,"1,452.50"
4/4/2011,"1,433.00"
4/1/2011,"1,428.90"
3/31/2011,"1,439.90"
3/30/2011,"1,424.90"
3/29/2011,"1,416.20"
3/28/2011,"1,419.90"
3/25/2011,"1,426.20"
3/24/2011,"1,434.90"
3/23/2011,"1,438.00"
3/22/2011,"1,427.60"
3/21/2011,"1,426.40"
3/18/2011,"1,416.10"
3/17/2011,"1,404.20"
3/16/2011,"1,396.10"
3/15/2011,"1,392.80"
3/14/2011,"1,424.90"
3/11/2011,"1,421.80"
3/10/2011,"1,412.50"
3/9/2011,"1,429.60"
3/8/2011,"1,427.20"
3/7/2011,"1,434.50"
3/4/2011,"1,428.60"
3/3/2011,"1,416.40"
3/2/2011,"1,437.70"
3/1/2011,"1,431.20"
2/28/2011,"1,409.90"
2/25/2011,"1,409.30"
2/24/2011,"1,415.80"
2/23/2011,"1,414.00"
2/21/2011,"1,401.10"
2/18/2011,"1,388.60"
2/17/2011,"1,385.10"
2/16/2011,"1,375.10"
2/15/2011,"1,374.10"
2/14/2011,"1,365.10"
2/11/2011,"1,360.40"
2/10/2011,"1,362.50"
2/9/2011,"1,365.50"
2/8/2011,"1,364.10"
2/7/2011,"1,348.20"
2/4/2011,"1,349.00"
2/3/2011,"1,353.00"
2/2/2011,"1,332.10"
2/1/2011,"1,340.30"
1/31/2011,"1,334.50"
1/28/2011,"1,341.70"
1/27/2011,"1,318.40"
1/26/2011,"1,333.00"
1/25/2011,"1,332.30"
1/24/2011,"1,344.50"
1/21/2011,"1,341.00"
1/20/2011,"1,346.50"
1/19/2011,"1,370.20"
1/17/2011,"1,368.20"
1/14/2011,"1,360.50"
1/13/2011,"1,387.00"
1/12/2011,"1,385.80"
1/11/2011,"1,384.30"
1/10/2011,"1,374.10"
1/7/2011,"1,368.90"
1/6/2011,"1,371.70"
1/5/2011,"1,373.70"
1/4/2011,"1,378.80"
1/3/2011,"1,422.90"
12/31/2010,"1,421.40"
12/30/2010,"1,405.90"
12/29/2010,"1,413.50"
12/28/2010,"1,405.60"
12/27/2010,"1,382.90"
12/23/2010,"1,380.50"
12/22/2010,"1,387.40"
12/21/2010,"1,388.80"
12/20/2010,"1,386.10"
12/17/2010,"1,379.20"
12/16/2010,"1,371.00"
12/15/2010,"1,386.20"
12/14/2010,"1,404.30"
12/13/2010,"1,398.00"
12/10/2010,"1,384.90"
12/9/2010,"1,392.80"
12/8/2010,"1,383.20"
12/7/2010,"1,409.00"
12/6/2010,"1,416.10"
12/3/2010,"1,406.20"
12/2/2010,"1,389.30"
12/1/2010,"1,388.30"
11/30/2010,"1,386.10"
11/29/2010,"1,367.50"
11/25/2010,"1,362.40"
11/24/2010,"1,373.00"
11/23/2010,"1,377.60"
11/22/2010,"1,357.80"
11/19/2010,"1,352.30"
11/18/2010,"1,353.00"
11/17/2010,"1,336.90"
11/16/2010,"1,338.40"
11/15/2010,"1,368.50"
11/12/2010,"1,365.50"
11/11/2010,"1,403.30"
11/10/2010,"1,399.30"
11/9/2010,"1,410.10"
11/8/2010,"1,403.20"
11/5/2010,"1,397.70"
11/4/2010,"1,383.10"
11/3/2010,"1,337.60"
11/2/2010,"1,356.90"
11/1/2010,"1,350.60"
10/29/2010,"1,357.60"
10/28/2010,"1,342.50"
10/27/2010,"1,322.60"
10/26/2010,"1,338.60"
10/25/2010,"1,338.90"
10/22/2010,"1,325.10"
10/21/2010,"1,325.60"
10/20/2010,"1,344.20"
10/19/2010,"1,336.00"
10/18/2010,"1,372.10"
10/15/2010,"1,372.00"
10/14/2010,"1,377.60"
10/13/2010,"1,370.50"
10/12/2010,"1,346.70"
10/11/2010,"1,354.40"
10/8/2010,"1,345.30"
10/7/2010,"1,335.00"
10/6/2010,"1,347.70"
10/5/2010,"1,340.30"
10/4/2010,"1,316.80"
10/1/2010,"1,317.80"
9/30/2010,"1,309.60"
9/29/2010,"1,310.30"
9/28/2010,"1,308.30"
9/27/2010,"1,298.60"
9/24/2010,"1,298.10"
9/23/2010,"1,296.30"
9/22/2010,"1,292.10"
9/21/2010,"1,274.30"
9/20/2010,"1,280.80"
9/17/2010,"1,277.50"
9/16/2010,"1,273.80"
9/15/2010,"1,268.70"
9/14/2010,"1,271.70"
9/13/2010,"1,247.10"
9/10/2010,"1,246.50"
9/9/2010,"1,250.90"
9/8/2010,"1,257.50"
9/6/2010,"1,259.30"
9/3/2010,"1,251.10"
9/2/2010,"1,253.40"
9/1/2010,"1,248.10"
8/31/2010,"1,250.30"
8/30/2010,"1,239.20"
8/27/2010,"1,237.90"
8/26/2010,"1,237.70"
8/25/2010,"1,241.30"
8/24/2010,"1,233.40"
8/23/2010,"1,228.50"
8/20/2010,"1,228.80"
8/19/2010,"1,235.40"
8/18/2010,"1,231.40"
8/17/2010,"1,228.30"
8/16/2010,"1,226.20"
8/13/2010,"1,216.60"
8/12/2010,"1,216.70"
8/11/2010,"1,199.20"
8/10/2010,"1,198.00"
8/9/2010,"1,202.60"
8/6/2010,"1,205.30"
8/5/2010,"1,199.30"
8/4/2010,"1,195.90"
8/3/2010,"1,187.50"
8/2/2010,"1,185.40"
7/30/2010,"1,183.90"
7/29/2010,"1,171.20"
7/28/2010,"1,160.40"
7/27/2010,"1,158.00"
7/26/2010,"1,183.10"
7/23/2010,"1,187.80"
7/22/2010,"1,195.60"
7/21/2010,"1,191.80"
7/20/2010,"1,191.70"
7/19/2010,"1,181.90"
7/16/2010,"1,188.20"
7/15/2010,"1,208.30"
7/14/2010,"1,207.00"
7/13/2010,"1,213.50"
7/12/2010,"1,198.70"
7/9/2010,"1,209.80"
7/8/2010,"1,196.10"
7/7/2010,"1,198.90"
7/5/2010,"1,195.10"
7/2/2010,"1,207.70"
7/1/2010,"1,206.70"
6/30/2010,"1,245.90"
6/29/2010,"1,242.40"
6/28/2010,"1,238.60"
6/25/2010,"1,256.20"
6/24/2010,"1,245.90"
6/23/2010,"1,234.80"
6/22/2010,"1,240.80"
6/21/2010,"1,240.70"
6/18/2010,"1,258.30"
6/17/2010,"1,248.70"
6/16/2010,"1,230.50"
6/15/2010,"1,234.40"
6/14/2010,"1,224.50"
6/11/2010,"1,230.20"
6/10/2010,"1,222.20"
6/9/2010,"1,229.90"
6/8/2010,"1,245.60"
6/7/2010,"1,240.80"
6/4/2010,"1,217.70"
6/3/2010,"1,210.00"
6/2/2010,"1,222.60"
5/31/2010,"1,226.90"
5/28/2010,"1,215.00"
5/27/2010,"1,214.40"
5/26/2010,"1,213.40"
5/25/2010,"1,198.00"
5/24/2010,"1,194.00"
5/21/2010,"1,176.10"
5/20/2010,"1,188.60"
5/19/2010,"1,193.10"
5/18/2010,"1,214.60"
5/17/2010,"1,228.10"
5/14/2010,"1,227.80"
5/13/2010,"1,229.20"
5/12/2010,"1,243.10"
5/11/2010,"1,220.30"
5/10/2010,"1,200.80"
5/7/2010,"1,210.40"
5/6/2010,"1,197.30"
5/5/2010,"1,175.00"
5/4/2010,"1,169.20"
5/3/2010,"1,183.30"
4/30/2010,"1,180.70"
4/29/2010,"1,168.80"
4/28/2010,"1,171.80"
4/27/2010,"1,162.20"
4/26/2010,"1,154.00"
4/23/2010,"1,153.70"
4/22/2010,"1,142.90"
4/21/2010,"1,148.80"
4/20/2010,"1,139.20"
4/19/2010,"1,135.80"
4/16/2010,"1,136.90"
4/15/2010,"1,160.30"
4/14/2010,"1,159.60"
4/13/2010,"1,153.40"
4/12/2010,"1,162.20"
4/9/2010,"1,161.90"
4/8/2010,"1,152.90"
4/7/2010,"1,153.00"
4/6/2010,"1,136.00"
4/5/2010,"1,133.80"
4/1/2010,"1,126.10"
3/31/2010,"1,114.50"
3/30/2010,"1,105.70"
3/29/2010,"1,110.30"
3/26/2010,"1,104.30"
3/25/2010,"1,092.90"
3/24/2010,"1,088.80"
3/23/2010,"1,103.70"
3/22/2010,"1,099.50"
3/19/2010,"1,107.60"
3/18/2010,"1,127.50"
3/17/2010,"1,124.20"
3/16/2010,"1,122.50"
3/15/2010,"1,105.40"
3/12/2010,"1,101.70"
3/11/2010,"1,108.20"
3/10/2010,"1,108.10"
3/9/2010,"1,122.30"
3/8/2010,"1,124.00"
3/5/2010,"1,135.20"
3/4/2010,"1,133.10"
3/3/2010,"1,143.30"
3/2/2010,"1,137.40"
3/1/2010,"1,118.30"
2/26/2010,"1,118.90"
2/25/2010,"1,108.50"
2/24/2010,"1,097.20"
2/23/2010,"1,103.20"
2/22/2010,"1,113.10"
2/19/2010,"1,122.10"
2/18/2010,"1,118.70"
2/17/2010,"1,120.10"
2/15/2010,"1,119.80"
2/12/2010,"1,090.00"
2/11/2010,"1,094.70"
2/10/2010,"1,076.30"
2/9/2010,"1,077.20"
2/8/2010,"1,066.20"
2/5/2010,"1,052.80"
2/4/2010,"1,063.00"
2/3/2010,"1,112.00"
2/2/2010,"1,118.00"
2/1/2010,"1,105.00"
1/29/2010,"1,083.80"
1/28/2010,"1,084.80"
1/27/2010,"1,084.50"
1/26/2010,"1,098.30"
1/25/2010,"1,095.70"
1/22/2010,"1,089.70"
1/21/2010,"1,103.20"
1/20/2010,"1,112.60"
1/18/2010,"1,140.00"
1/15/2010,"1,130.50"
1/14/2010,"1,143.00"
1/13/2010,"1,136.80"
1/12/2010,"1,129.40"
1/11/2010,"1,151.40"
1/8/2010,"1,138.90"
1/7/2010,"1,133.70"
1/6/2010,"1,136.50"
1/5/2010,"1,118.70"
1/4/2010,"1,118.30"
12/31/2009,"1,096.20"
12/30/2009,"1,092.50"
12/29/2009,"1,098.10"
12/28/2009,"1,107.90"
12/24/2009,"1,104.80"
12/23/2009,"1,094.00"
12/22/2009,"1,086.70"
12/21/2009,"1,096.00"
12/18/2009,"1,111.50"
12/17/2009,"1,107.40"
12/16/2009,"1,136.20"
12/15/2009,"1,123.00"
12/14/2009,"1,123.80"
12/11/2009,"1,119.90"
12/10/2009,"1,126.20"
12/9/2009,"1,120.90"
12/8/2009,"1,143.40"
12/7/2009,"1,164.00"
12/4/2009,"1,169.50"
12/3/2009,"1,218.30"
12/2/2009,"1,213.00"
12/1/2009,"1,200.20"
11/30/2009,"1,182.30"
11/26/2009,"1,175.50"
11/25/2009,"1,187.00"
11/24/2009,"1,165.80"
11/23/2009,"1,164.70"
11/20/2009,"1,146.80"
11/19/2009,"1,141.90"
11/18/2009,"1,141.20"
11/17/2009,"1,139.40"
11/16/2009,"1,139.20"
11/13/2009,"1,116.70"
11/12/2009,"1,106.60"
11/11/2009,"1,114.60"
11/10/2009,"1,102.50"
11/9/2009,"1,101.40"
11/6/2009,"1,095.70"
11/5/2009,"1,089.30"
11/4/2009,"1,087.30"
11/3/2009,"1,084.90"
11/2/2009,"1,054.00"
10/30/2009,"1,040.40"
10/29/2009,"1,047.10"
10/28/2009,"1,030.50"
10/27/2009,"1,035.40"
10/26/2009,"1,042.80"
10/23/2009,"1,056.40"
10/22/2009,"1,058.60"
10/21/2009,"1,064.50"
10/20/2009,"1,058.60"
10/19/2009,"1,058.10"
10/16/2009,"1,051.50"
10/15/2009,"1,050.60"
10/14/2009,"1,064.70"
10/13/2009,"1,065.00"
10/12/2009,"1,057.50"
10/9/2009,"1,048.60"
10/8/2009,"1,056.30"
10/7/2009,"1,044.40"
10/6/2009,"1,039.70"
10/5/2009,"1,017.80"
10/2/2009,"1,004.30"
10/1/2009,"1,000.70"
9/30/2009,"1,009.30"
9/29/2009,994.4
9/28/2009,994.1
9/25/2009,991.6
9/24/2009,998.9
9/23/2009,"1,014.40"
9/22/2009,"1,015.50"
9/21/2009,"1,004.90"
9/18/2009,"1,010.30"
9/17/2009,"1,013.50"
9/16/2009,"1,020.20"
9/15/2009,"1,006.30"
9/14/2009,"1,001.10"
9/11/2009,"1,006.40"
9/10/2009,996.8
9/9/2009,997.1
9/7/2009,999.8
9/4/2009,996.7
9/3/2009,997.7
9/2/2009,978.5
9/1/2009,956.5
8/31/2009,953.5
8/28/2009,958.8
8/27/2009,947.3
8/26/2009,945.8
8/25/2009,946
8/24/2009,943.7
8/21/2009,954.7
8/20/2009,941.7
8/19/2009,944.8
8/18/2009,939.2
8/17/2009,935.8
8/14/2009,948.7
8/13/2009,956.5
8/12/2009,952.5
8/11/2009,947.6
8/10/2009,946.9
8/7/2009,959.5
8/6/2009,962.9
8/5/2009,966.3
8/4/2009,969.7
8/3/2009,958.8
7/31/2009,955.8
7/30/2009,937.3
7/29/2009,927.2
7/28/2009,939.1
7/27/2009,953.5
7/24/2009,953.1
7/23/2009,954.8
7/22/2009,953.3
7/21/2009,946.9
7/20/2009,948.8
7/17/2009,937.5
7/16/2009,935.4
7/15/2009,939.4
7/14/2009,922.8
7/13/2009,922.5
7/10/2009,912.5
7/9/2009,916.2
7/8/2009,909.3
7/7/2009,929.1
7/3/2009,924.3
7/2/2009,931
7/1/2009,941.3
6/30/2009,927.4
6/29/2009,940.7
6/26/2009,941
6/25/2009,939.5
6/24/2009,934.4
6/23/2009,924.3
6/22/2009,921
6/19/2009,936.2
6/18/2009,934.6
6/17/2009,936
6/16/2009,932.2
6/15/2009,927.5
6/12/2009,940.7
6/11/2009,962
6/10/2009,954.7
6/9/2009,954.7
6/8/2009,952.5
6/5/2009,962.6
6/4/2009,982.3
6/3/2009,965.6
6/2/2009,984.4
6/1/2009,980
5/29/2009,980.3
5/28/2009,963.2
5/27/2009,953.3
5/25/2009,953.3
5/22/2009,958.9
5/21/2009,951.2
5/20/2009,937.4
5/19/2009,926.7
5/18/2009,921.7
5/15/2009,931.3
5/14/2009,928.4
5/13/2009,925.9
5/12/2009,923.9
5/11/2009,913.5
5/8/2009,914.9
5/7/2009,915.5
5/6/2009,911
5/5/2009,904.3
5/4/2009,902.2
5/1/2009,888.2
4/30/2009,891.2
4/29/2009,900.5
4/28/2009,893.6
4/27/2009,908.2
4/24/2009,914.1
4/23/2009,906.6
4/22/2009,892.5
4/21/2009,882.7
4/20/2009,887.5
4/17/2009,867.9
4/16/2009,879.8
4/15/2009,893.5
4/14/2009,892
4/13/2009,895.8
4/9/2009,883.3
4/8/2009,885.9
4/7/2009,883.3
4/6/2009,872.8
4/3/2009,897.3
4/2/2009,908.9
4/1/2009,927.7
3/31/2009,925
3/30/2009,917.7
3/27/2009,923.2
3/26/2009,940
3/25/2009,935.8
3/24/2009,923.8
3/23/2009,952.5
3/20/2009,956.2
3/19/2009,958.8
3/18/2009,889.1
3/17/2009,916.8
3/16/2009,922
3/13/2009,930.1
3/12/2009,924
3/11/2009,910.7
3/10/2009,895.9
3/9/2009,918
3/6/2009,942.7
3/5/2009,927.8
3/4/2009,906.7
3/3/2009,913.6
3/2/2009,940
2/27/2009,942.5
2/26/2009,942.6
2/25/2009,966.2
2/24/2009,969.5
2/23/2009,995
2/20/2009,"1,002.20"
2/19/2009,976.5
2/18/2009,978.2
2/16/2009,967.5
2/13/2009,942.2
2/12/2009,949.2
2/11/2009,944.5
2/10/2009,914.2
2/9/2009,892.8
2/6/2009,914.3
2/5/2009,914.2
2/4/2009,902.2
2/3/2009,892.5
2/2/2009,907.2
1/30/2009,928.4
1/29/2009,906.5
1/28/2009,888.2
1/27/2009,899.5
1/26/2009,908.8
1/23/2009,895.8
1/22/2009,858.8
1/21/2009,850.1
1/19/2009,855.2
1/16/2009,839.9
1/15/2009,807.3
1/14/2009,808.8
1/13/2009,820.7
1/12/2009,821
1/9/2009,855
1/8/2009,854.5
1/7/2009,841.7
1/6/2009,866
1/5/2009,857.8
1/2/2009,879.5
12/31/2008,884.3
12/30/2008,870
12/29/2008,875.3
12/26/2008,871.2
12/24/2008,848
12/23/2008,838.1
12/22/2008,847.2
12/19/2008,837.4
12/18/2008,860.6
12/17/2008,868.5
12/16/2008,842.7
12/15/2008,836.5
12/12/2008,820.5
12/11/2008,826.6
12/10/2008,808.8
12/9/2008,774.2
12/8/2008,769.3
12/5/2008,752.2
12/4/2008,765.5
12/3/2008,770.5
12/2/2008,783.3
12/1/2008,776.8
11/28/2008,819
11/26/2008,808.5
11/25/2008,818.5
11/24/2008,819.5
11/21/2008,791.8
11/20/2008,748.7
11/19/2008,736
11/18/2008,732.7
11/17/2008,742
11/14/2008,742.5
11/13/2008,705
11/12/2008,718.3
11/11/2008,732.8
11/10/2008,746.5
11/7/2008,734.2
11/6/2008,732.2
11/5/2008,742.4
11/4/2008,757.3
11/3/2008,726.8
10/31/2008,718.2
10/30/2008,738.5
10/29/2008,754
10/28/2008,740.5
10/27/2008,742.9
10/24/2008,730.3
10/23/2008,714.7
10/22/2008,735.2
10/21/2008,768
10/20/2008,790
10/17/2008,787.7
10/16/2008,804.5
10/15/2008,839
10/14/2008,839.5
10/13/2008,842.5
10/10/2008,859
10/9/2008,886.5
10/8/2008,906.5
10/7/2008,882
10/6/2008,866.2
10/3/2008,833.2
10/2/2008,844.3
10/1/2008,887.3
9/30/2008,880.8
9/29/2008,894.4
9/26/2008,888.5
9/25/2008,882
9/24/2008,895
9/23/2008,891.2
9/22/2008,909
9/19/2008,864.7
9/18/2008,897
9/17/2008,850.5
9/16/2008,780.5
9/15/2008,787
9/12/2008,764.5
9/11/2008,745.5
9/10/2008,762.5
9/9/2008,792
9/8/2008,802.5
9/5/2008,802.8
9/4/2008,803.2
9/3/2008,808.2
9/2/2008,810.5
8/29/2008,835.2
8/28/2008,837.2
8/27/2008,834
8/26/2008,828.1
8/25/2008,825.7
8/22/2008,833.5
8/21/2008,839
8/20/2008,816.3
8/19/2008,816.8
8/18/2008,805.7
8/15/2008,792.1
8/14/2008,814.5
8/13/2008,831.5
8/12/2008,814.6
8/11/2008,828.3
8/8/2008,864.8
8/7/2008,877.9
8/6/2008,883
8/5/2008,886.1
8/4/2008,907.9
8/1/2008,917.5
7/31/2008,922.7
7/30/2008,912.3
7/29/2008,916.5
7/28/2008,927.7
7/25/2008,926.8
7/24/2008,922.3
7/23/2008,922.8
7/22/2008,948.5
7/21/2008,963.7
7/18/2008,958
7/17/2008,970.7
7/16/2008,962.7
7/15/2008,978.7
7/14/2008,973.7
7/11/2008,960.6
7/10/2008,942
7/9/2008,928.6
7/8/2008,923.3
7/7/2008,928.8
7/4/2008,935.7
7/3/2008,933.6
7/2/2008,946.5
7/1/2008,944.5
6/30/2008,928.3
6/27/2008,931.3
6/26/2008,915.1
6/25/2008,882.3
6/24/2008,891.6
6/23/2008,887.2
6/20/2008,903.7
6/19/2008,904.2
6/18/2008,893.5
6/17/2008,886.9
6/16/2008,886.3
6/13/2008,873.1
6/12/2008,872
6/11/2008,882.9
6/10/2008,871.2
6/9/2008,898.1
6/6/2008,899
6/5/2008,875.5
6/4/2008,883.8
6/3/2008,885.5
6/2/2008,897
5/30/2008,891.5
5/29/2008,881.7
5/28/2008,900.5
5/27/2008,907.9
5/26/2008,929
5/23/2008,925.8
5/22/2008,918.3
5/21/2008,928.6
5/20/2008,920.2
5/19/2008,905.8
5/16/2008,899.9
5/15/2008,880
5/14/2008,866.5
5/13/2008,869.6
5/12/2008,884.9
5/9/2008,885.8
5/8/2008,882.1
5/7/2008,871.2
5/6/2008,877.7
5/5/2008,874.1
5/2/2008,858
5/1/2008,850.9
4/30/2008,865.1
4/29/2008,876.8
4/28/2008,895.5
4/25/2008,889.7
4/24/2008,889.4
4/23/2008,909
4/22/2008,925.2
4/21/2008,917.6
4/18/2008,915.2
4/17/2008,942.9
4/16/2008,948.3
4/15/2008,932
4/14/2008,928.7
4/11/2008,927
4/10/2008,931.8
4/9/2008,937.5
4/8/2008,918
4/7/2008,926.8
4/4/2008,913.2
4/3/2008,909.6
4/2/2008,900.2
4/1/2008,887.8
3/31/2008,921.5
3/28/2008,936.5
3/27/2008,948.8
3/26/2008,949.2
3/25/2008,935
3/24/2008,918.7
3/20/2008,920
3/19/2008,945.3
3/18/2008,"1,004.30"
3/17/2008,"1,002.60"
3/14/2008,999.5
3/13/2008,993.8
3/12/2008,980.5
3/11/2008,976
3/10/2008,971.8
3/7/2008,974.2
3/6/2008,977.1
3/5/2008,988.5
3/4/2008,966.3
3/3/2008,984.2
2/29/2008,975
2/28/2008,967.5
2/27/2008,961
2/26/2008,948.9
2/25/2008,940.5
2/22/2008,947.8
2/21/2008,949.2
2/20/2008,937.8
2/19/2008,929.8
2/15/2008,906.1
2/14/2008,910.8
2/13/2008,910.2
2/12/2008,911.1
2/11/2008,926.7
2/8/2008,922.3
2/7/2008,910
2/6/2008,905
2/5/2008,890.3
2/4/2008,909.4
2/1/2008,913.5
1/31/2008,928
1/30/2008,926.3
1/29/2008,925.1
1/28/2008,927.1
1/25/2008,910.7
1/24/2008,905.8
1/23/2008,883.1
1/22/2008,890.3
1/18/2008,881.7
1/17/2008,880.5
1/16/2008,882
1/15/2008,902.6
1/14/2008,903.4
1/11/2008,897.7
1/10/2008,893.6
1/9/2008,881.7
1/8/2008,880.3
1/7/2008,862
1/4/2008,865.7
1/3/2008,869.1
1/2/2008,860
12/31/2007,838
12/28/2007,842.7
12/27/2007,831.8
12/26/2007,829.5
12/24/2007,816.5
12/21/2007,815.4
12/20/2007,803.2
12/19/2007,805.4
12/18/2007,807.4
12/17/2007,799.3
12/14/2007,798
12/13/2007,804
12/12/2007,818.8
12/11/2007,817.1
12/10/2007,813.5
12/7/2007,800.2
12/6/2007,807.1
12/5/2007,803.7
12/4/2007,807.6
12/3/2007,794.7
11/30/2007,789.1
11/29/2007,802.3
11/28/2007,800.3
11/27/2007,814
11/26/2007,826.5
11/23/2007,824.7
11/22/2007,804
11/21/2007,798.6
11/20/2007,791.4
11/19/2007,778
11/16/2007,787
11/15/2007,787.3
11/14/2007,814.7
11/13/2007,799
11/12/2007,807.7
11/9/2007,834.7
11/8/2007,837.5
11/7/2007,833.5
11/6/2007,823.4
11/5/2007,810.8
11/2/2007,808.5
11/1/2007,793.7
10/31/2007,795.3
10/30/2007,787.8
10/29/2007,792.6
10/26/2007,787.5
10/25/2007,771
10/24/2007,765.6
10/23/2007,763.1
10/22/2007,760
10/19/2007,768.4
10/18/2007,768.7
10/17/2007,762.3
10/16/2007,762
10/15/2007,762.2
10/12/2007,753.8
10/11/2007,756.7
10/10/2007,746
10/9/2007,743.1
10/8/2007,738.7
10/5/2007,747.2
10/4/2007,743.8
10/3/2007,735.7
10/2/2007,736.3
10/1/2007,754.1
9/28/2007,750
9/27/2007,739.9
9/26/2007,735.5
9/25/2007,738.8
9/24/2007,739.3
9/21/2007,738.9
9/20/2007,739.9
9/19/2007,729.5
9/18/2007,723.7
9/17/2007,723.8
9/14/2007,717.8
9/13/2007,717.9
9/12/2007,720.7
9/11/2007,721.1
9/10/2007,712.2
9/7/2007,709.7
9/6/2007,704.6
9/5/2007,690.7
9/4/2007,691.5
9/3/2007,680.9
8/31/2007,681.9
8/30/2007,673.9
8/29/2007,675.4
8/28/2007,673.5
8/27/2007,676.2
8/24/2007,677.5
8/23/2007,668.4
8/22/2007,668.7
8/21/2007,666.2
8/20/2007,666.5
8/17/2007,666.8
8/16/2007,658
8/15/2007,679.7
8/14/2007,679.7
8/13/2007,680.9
8/10/2007,681.6
8/9/2007,672.8
8/8/2007,686.3
8/7/2007,682.3
8/6/2007,683.3
8/3/2007,684.4
8/2/2007,676.6
8/1/2007,675.9
7/31/2007,679.3
7/30/2007,676.6
7/27/2007,660.1
7/26/2007,662.8
7/25/2007,673.8
7/24/2007,684.8
7/23/2007,681.5
7/20/2007,684.7
7/19/2007,678.1
7/18/2007,673.7
7/17/2007,665.9
7/16/2007,666.3
7/13/2007,667.3
7/12/2007,668.3
7/11/2007,662.1
7/10/2007,664.4
7/9/2007,662.5
7/6/2007,654.8
7/5/2007,650.6
7/4/2007,656.3
7/3/2007,655.4
7/2/2007,659.2
6/29/2007,650.9
6/28/2007,650.4
6/27/2007,644.8
6/26/2007,645.3
6/25/2007,654.7
6/22/2007,657
6/21/2007,654.2
6/20/2007,660
6/19/2007,664.7
6/18/2007,659.9
6/15/2007,658.7
6/14/2007,655.9
6/13/2007,652.7
6/12/2007,653.1
6/11/2007,659
6/8/2007,650.3
6/7/2007,665.2
6/6/2007,674.6
6/5/2007,675.1
6/4/2007,676.3
6/1/2007,676.9
5/31/2007,666.7
5/30/2007,659.3
5/29/2007,657.2
5/25/2007,655.3
5/24/2007,653.3
5/23/2007,662.6
5/22/2007,659.9
5/21/2007,663.8
5/18/2007,662
5/17/2007,657.2
5/16/2007,661.5
5/15/2007,674.5
5/14/2007,670.1
5/11/2007,672.3
5/10/2007,667
5/9/2007,682.5
5/8/2007,687.4
5/7/2007,690.4
5/4/2007,689.7
5/3/2007,684.4
5/2/2007,675.1
5/1/2007,677.3
4/30/2007,683.5
4/27/2007,681.8
4/26/2007,678
4/25/2007,687.4
4/24/2007,687.7
4/23/2007,694.2
4/20/2007,695.8
4/19/2007,688.3
4/18/2007,693.3
4/17/2007,692.5
4/16/2007,694.5
4/13/2007,689.9
4/12/2007,679.7
4/11/2007,681.7
4/10/2007,681.5
4/9/2007,676.9
4/5/2007,679.4
4/4/2007,677.4
4/3/2007,669.7
4/2/2007,671.5
3/30/2007,669
3/29/2007,667.6
3/28/2007,666.8
3/27/2007,662.5
3/26/2007,663.9
3/23/2007,657.3
3/22/2007,664.2
3/21/2007,660
3/20/2007,659
3/19/2007,654.3
3/16/2007,653.9
3/15/2007,647.1
3/14/2007,642.5
3/13/2007,649.4
3/12/2007,650.3
3/9/2007,652
3/8/2007,655.5
3/7/2007,652.9
3/6/2007,646.2
3/5/2007,639.2
3/2/2007,644.1
3/1/2007,665.1
2/28/2007,672.5
2/27/2007,687.2
2/26/2007,689.8
2/23/2007,686.7
2/22/2007,683
2/21/2007,684
2/20/2007,661
2/19/2007,674.3
2/16/2007,672.8
2/15/2007,671.4
2/14/2007,672
2/13/2007,668.5
2/12/2007,667.3
2/9/2007,672.3
2/8/2007,662.8
2/7/2007,657.3
2/6/2007,658.7
2/5/2007,656.1
2/2/2007,651.5
2/1/2007,663
1/31/2007,657.9
1/30/2007,650.2
1/29/2007,643.2
1/26/2007,644.7
1/25/2007,648.1
1/24/2007,648.2
1/23/2007,645.9
1/22/2007,634.1
1/19/2007,636.4
1/18/2007,628.1
1/17/2007,633.3
1/16/2007,625.9
1/12/2007,626.9
1/11/2007,613.9
1/10/2007,613.4
1/9/2007,615
1/8/2007,609.4
1/5/2007,606.9
1/4/2007,626.2
1/3/2007,629.8
1/2/2007,638
12/29/2006,638
12/28/2006,636.9
12/27/2006,630.3
12/26/2006,626.9
12/22/2006,622.3
12/21/2006,621.6
12/20/2006,624.3
12/19/2006,625.4
12/18/2006,617.9
12/15/2006,619.1
12/14/2006,630.9
12/13/2006,632.4
12/12/2006,631.7
12/11/2006,634.8
12/8/2006,631
12/7/2006,637
12/6/2006,635.9
12/5/2006,647.9
12/4/2006,650.9
12/1/2006,650.6
11/30/2006,652.9
11/29/2006,641.8
11/28/2006,637.3
11/27/2006,640.6
11/24/2006,629
11/22/2006,629
11/21/2006,628.7
11/20/2006,622.1
11/17/2006,622.5
11/16/2006,621.7
11/15/2006,623.8
11/14/2006,625.3
11/13/2006,625.8
11/10/2006,630.1
11/9/2006,636.8
11/8/2006,618.3
11/7/2006,627.9
11/6/2006,627.9
11/3/2006,629.2
11/2/2006,627.8
11/1/2006,619.3
10/31/2006,606.8
10/30/2006,607.4
10/27/2006,601
10/26/2006,599.8
10/25/2006,590.8
10/24/2006,587.6
10/23/2006,582.9
10/20/2006,596.4
10/19/2006,602.5
10/18/2006,592.6
10/17/2006,593.5
10/16/2006,598.5
10/13/2006,592.7
10/12/2006,580.3
10/11/2006,576.5
10/10/2006,576.2
10/9/2006,582.8
10/6/2006,576.8
10/5/2006,575.5
10/4/2006,566.7
10/3/2006,581.5
10/2/2006,603.3
9/29/2006,604.2
9/28/2006,610.9
9/27/2006,603.3
9/26/2006,597.1
9/25/2006,595.9
9/22/2006,595.4
9/21/2006,588.3
9/20/2006,586.2
9/19/2006,583.2
9/18/2006,592.8
9/15/2006,583
9/14/2006,586
9/13/2006,596.3
9/12/2006,594.3
9/11/2006,597.3
9/8/2006,617.3
9/7/2006,624.9
9/6/2006,641.8
9/5/2006,646.9
9/1/2006,632.6
8/31/2006,634.2
8/30/2006,626.1
8/29/2006,619.1
8/28/2006,623.9
8/25/2006,630.8
8/24/2006,628.5
8/23/2006,633
8/22/2006,634
8/21/2006,635.2
8/18/2006,621.7
8/17/2006,625.3
8/16/2006,639
8/15/2006,632.9
8/14/2006,639.3
8/11/2006,644.4
8/10/2006,646
8/9/2006,662
8/8/2006,657.3
8/7/2006,659.5
8/4/2006,656
8/3/2006,657
8/2/2006,664.1
8/1/2006,658.8
7/31/2006,646.8
7/28/2006,647.8
7/27/2006,632.5
7/26/2006,621.9
7/25/2006,618
7/24/2006,613.2
7/21/2006,620.2
7/20/2006,632.5
7/19/2006,642.8
7/18/2006,629.5
7/17/2006,651.9
7/14/2006,668
7/13/2006,654.4
7/12/2006,651.2
7/11/2006,642.9
7/10/2006,626.1
7/7/2006,634.8
7/6/2006,636.3
7/5/2006,629.7
6/30/2006,616
6/29/2006,588.9
6/28/2006,581
6/27/2006,584.4
6/26/2006,587.7
6/23/2006,588
6/22/2006,585.4
6/21/2006,591
6/20/2006,580.5
6/19/2006,572.4
6/16/2006,581.7
6/15/2006,570.3
6/14/2006,566.5
6/13/2006,566.8
6/12/2006,611.3
6/9/2006,612.8
6/8/2006,613.8
6/7/2006,632.6
6/6/2006,634.7
6/5/2006,648.7
6/2/2006,641
6/1/2006,633.5
5/31/2006,649
5/30/2006,660.5
5/26/2006,651
5/25/2006,648.5
5/24/2006,637.5
5/23/2006,673.7
5/22/2006,657.7
5/19/2006,657
5/18/2006,680.9
5/17/2006,691.8
5/16/2006,692.9
5/15/2006,685
5/12/2006,711.8
5/11/2006,721.5
5/10/2006,705.7
5/9/2006,701.5
5/8/2006,679.9
5/5/2006,684.3
5/4/2006,676.5
5/3/2006,668.5
5/2/2006,667.4
5/1/2006,660.2
4/28/2006,654.5
4/27/2006,636.3
4/26/2006,642
4/25/2006,634.2
4/24/2006,623.9
4/21/2006,635.5
4/20/2006,623.1
4/19/2006,636
4/18/2006,623.3
4/17/2006,618.8
4/13/2006,600.1
4/12/2006,601.3
4/11/2006,599.4
4/10/2006,601.8
4/7/2006,592.7
4/6/2006,599.7
4/5/2006,592.5
4/4/2006,590.6
4/3/2006,594.3
3/31/2006,586.7
3/30/2006,591.8
3/29/2006,573.3
3/28/2006,567
3/27/2006,567.4
3/24/2006,560.5
3/23/2006,550.8
3/22/2006,551.7
3/21/2006,553.2
3/20/2006,556.1
3/17/2006,555.1
3/16/2006,555.4
3/15/2006,554.4
3/14/2006,553
3/13/2006,547.5
3/10/2006,541.3
3/9/2006,547
3/8/2006,544.3
3/7/2006,554.5
3/6/2006,556.8
3/3/2006,568
3/2/2006,570.4
3/1/2006,565.8
2/28/2006,563.9
2/27/2006,557
2/24/2006,561.2
2/23/2006,550.9
2/22/2006,556.6
2/21/2006,556.6
2/17/2006,554.6
2/16/2006,548.8
2/15/2006,542.7
2/14/2006,548.9
2/13/2006,542.1
2/10/2006,553.5
2/9/2006,568.1
2/8/2006,553.8
2/7/2006,554.8
2/6/2006,574.3
2/3/2006,571.6
2/2/2006,576.8
2/1/2006,574
1/31/2006,575.5
1/30/2006,570.6
1/27/2006,558.8
1/26/2006,559.9
1/25/2006,562.5
1/24/2006,558.1
1/23/2006,558.7
1/20/2006,554
1/19/2006,559
1/18/2006,544.5
1/17/2006,554.3
1/13/2006,557
1/12/2006,549.3
1/11/2006,550.1
1/10/2006,545.7
1/9/2006,550.5
1/6/2006,541.2
1/5/2006,527.8
1/4/2006,535.6
1/3/2006,532.5
12/30/2005,519.7
12/29/2005,517.5
12/28/2005,516.3
12/27/2005,510.1
12/23/2005,505.2
12/22/2005,505
12/21/2005,495.3
12/20/2005,497
12/19/2005,506.1
12/16/2005,505.9
12/15/2005,506.6
12/14/2005,509.5
12/13/2005,524.1
12/12/2005,531.5
12/9/2005,530.2
12/8/2005,522.7
12/7/2005,517.8
12/6/2005,513.8
12/5/2005,512.6
12/2/2005,507
12/1/2005,506.3
11/30/2005,498.7
11/29/2005,503.5
11/28/2005,498.3
11/23/2005,492.3
11/22/2005,492.9
11/21/2005,489.5
11/18/2005,486.2
11/17/2005,486.9
11/16/2005,479.1
11/15/2005,469
11/14/2005,469.1
11/11/2005,469.4
11/10/2005,467.7
11/9/2005,467.5
11/8/2005,462.3
11/7/2005,460.4
11/4/2005,457.9
11/3/2005,461.9
11/2/2005,464.6
11/1/2005,460.6
10/31/2005,466.9
10/28/2005,474.8
10/27/2005,475.6
10/26/2005,473
10/25/2005,474.7
10/24/2005,467
10/21/2005,469.1
10/20/2005,463.2
10/19/2005,465.8
10/18/2005,474.6
10/17/2005,476.6
10/14/2005,471.8
10/13/2005,473.8
10/12/2005,476.6
10/11/2005,479.8
10/10/2005,478
10/7/2005,477.7
10/6/2005,475
10/5/2005,469.3
10/4/2005,469.3
10/3/2005,469.3
9/30/2005,472.3
9/29/2005,475.8
9/28/2005,473.1
9/27/2005,466.2
9/26/2005,469.5
9/23/2005,467.2
9/22/2005,470.3
9/21/2005,472.6
9/20/2005,470
9/19/2005,470.4
9/16/2005,463.3
9/15/2005,459.3
9/14/2005,453.7
9/13/2005,450
9/12/2005,453.7
9/9/2005,453
9/8/2005,450.7
9/7/2005,449
9/6/2005,448.6
9/2/2005,448.5
9/1/2005,446.5
8/31/2005,438.1
8/30/2005,435.5
8/29/2005,441.4
8/26/2005,442.1
8/25/2005,443.1
8/24/2005,442.2
8/23/2005,444.3
8/22/2005,443
8/19/2005,442.2
8/18/2005,444.7
8/17/2005,445.2
8/16/2005,451.5
8/15/2005,447.6
8/12/2005,451.4
8/11/2005,450.9
8/10/2005,442
8/9/2005,439.8
8/8/2005,440.3
8/5/2005,442.8
8/4/2005,443.7
8/3/2005,442.7
8/2/2005,437.7
8/1/2005,437.7
7/29/2005,435.8
7/28/2005,433.3
7/27/2005,424.8
7/26/2005,423.5
7/25/2005,425.9
7/22/2005,425
7/21/2005,425.7
7/20/2005,422.1
7/19/2005,420.2
7/18/2005,421
7/15/2005,421.3
7/14/2005,420.2
7/13/2005,424.6
7/12/2005,427.1
7/11/2005,426.3
7/8/2005,423.8
7/7/2005,424.2
7/6/2005,424.5
7/5/2005,423.9
7/1/2005,428.8
6/30/2005,437.1
6/29/2005,438.6
6/28/2005,437.7
6/27/2005,441.7
6/24/2005,442
6/23/2005,443.2
6/22/2005,439.7
6/21/2005,440.5
6/20/2005,440
6/17/2005,440
6/16/2005,437.9
6/15/2005,430.9
6/14/2005,429.3
6/13/2005,431.1
6/10/2005,429.3
6/9/2005,426.1
6/8/2005,426.6
6/7/2005,426.7
6/6/2005,428.4
6/3/2005,425.8
6/2/2005,424.8
6/1/2005,417.7
5/31/2005,418.9
5/27/2005,419.8
5/26/2005,418
5/25/2005,418.9
5/24/2005,417.7
5/23/2005,416.9
5/20/2005,417.7
5/19/2005,420.8
5/18/2005,421.9
5/17/2005,419.8
5/16/2005,419.3
5/13/2005,420.7
5/12/2005,422.2
5/11/2005,427.9
5/10/2005,427.9
5/9/2005,426.9
5/6/2005,426.9
5/5/2005,430.7
5/4/2005,430
5/3/2005,427.7
5/2/2005,430.5
4/29/2005,436.1
4/28/2005,432.4
4/27/2005,434.1
4/26/2005,439
4/25/2005,435.8
4/22/2005,435.6
4/21/2005,434.4
4/20/2005,436.7
4/19/2005,434.4
4/18/2005,429
4/15/2005,426.5
4/14/2005,425.6
4/13/2005,431
4/12/2005,429.3
4/11/2005,430.4
4/8/2005,428.8
4/7/2005,428.4
4/6/2005,429.2
4/5/2005,426.6
4/4/2005,426
4/1/2005,428.3
3/31/2005,431.1
3/30/2005,429.5
3/29/2005,426
3/28/2005,426
3/24/2005,424.8
3/23/2005,425.4
3/22/2005,431.6
3/21/2005,431.4
3/18/2005,439.7
3/17/2005,439.1
3/16/2005,444.2
3/15/2005,441.4
3/14/2005,441.6
3/11/2005,446.8
3/10/2005,443.4
3/9/2005,442.9
3/8/2005,441.1
3/7/2005,435.8
3/4/2005,435.1
3/3/2005,430.8
3/2/2005,433.8
3/1/2005,433.9
2/28/2005,437.6
2/25/2005,436.1
2/24/2005,435.7
2/23/2005,436.1
2/22/2005,435.8
2/18/2005,428.4
2/17/2005,428.6
2/16/2005,426.9
2/15/2005,427.3
2/14/2005,427.3
2/11/2005,422
2/10/2005,418.7
2/9/2005,414.5
2/8/2005,414.3
2/7/2005,415.4
2/4/2005,415.9
2/3/2005,418.5
2/2/2005,423
2/1/2005,422.9
1/31/2005,424.1
1/28/2005,428.1
1/27/2005,426.3
1/26/2005,426.9
1/25/2005,422.1
1/24/2005,427.1
1/21/2005,426.9
1/20/2005,422.6
1/19/2005,423.3
1/18/2005,423.5
1/14/2005,423.3
1/13/2005,425.1
1/12/2005,426.6
1/11/2005,422.4
1/10/2005,419.7
1/7/2005,419.5
1/6/2005,421.6
1/5/2005,427.3
1/4/2005,429.2
1/3/2005,429.7
12/30/2004,438.4
12/29/2004,437
12/28/2004,445.3
12/27/2004,446.2
12/23/2004,442.9
12/22/2004,441.4
12/21/2004,442.9
12/20/2004,443.6
12/17/2004,442.9
12/16/2004,438.2
12/15/2004,442.2
12/14/2004,437.3
12/13/2004,440.3
12/10/2004,435.3
12/9/2004,437.2
12/8/2004,438.7
12/7/2004,453.7
12/6/2004,455.9
12/3/2004,457.8
12/2/2004,452.3
12/1/2004,455.9
11/30/2004,453.2
11/29/2004,455.8
11/24/2004,449.3
11/23/2004,447.9
11/22/2004,449
11/19/2004,447
11/18/2004,442.9
11/17/2004,445.1
11/16/2004,440.5
11/15/2004,437.3
11/12/2004,438.3
11/11/2004,435.4
11/10/2004,434.5
11/9/2004,436.2
11/8/2004,433.4
11/5/2004,434.3
11/4/2004,430.8
11/3/2004,425.4
11/2/2004,420.8
11/1/2004,428.2
10/29/2004,429.4
10/28/2004,426.1
10/27/2004,425.6
10/26/2004,427.6
10/25/2004,429.9
10/22/2004,425.6
10/21/2004,425.6
10/20/2004,424.8
10/19/2004,421.6
10/18/2004,417.6
10/15/2004,420.1
10/14/2004,419.5
10/13/2004,414.6
10/12/2004,416.6
10/11/2004,423.4
10/8/2004,424.5
10/7/2004,419.5
10/6/2004,420
10/5/2004,419.8
10/4/2004,415.6
10/1/2004,421.2
9/30/2004,420.4
9/29/2004,414.7
9/28/2004,414.2
9/27/2004,410.7
9/24/2004,409.7
9/23/2004,412.6
9/22/2004,409
9/21/2004,410.1
9/20/2004,407
9/17/2004,407.6
9/16/2004,406.5
9/15/2004,406.8
9/14/2004,407.5
9/13/2004,406
9/10/2004,403.8
9/9/2004,400.4
9/8/2004,401.4
9/7/2004,399.4
9/3/2004,402.5
9/2/2004,408
9/1/2004,410.8
8/31/2004,412.4
8/30/2004,410
8/27/2004,405.4
8/26/2004,409.6
8/25/2004,410
8/24/2004,405
8/23/2004,412.8
8/20/2004,415.5
8/19/2004,409.3
8/18/2004,406.6
8/17/2004,406.7
8/16/2004,405.2
8/13/2004,401.2
8/12/2004,396.6
8/11/2004,397.9
8/10/2004,402.3
8/9/2004,403
8/6/2004,402.1
8/5/2004,394.8
8/4/2004,394.7
8/3/2004,396.5
8/2/2004,394.4
7/30/2004,393.7
7/29/2004,389.8
7/28/2004,389
7/27/2004,387
7/26/2004,390.3
7/23/2004,390.5
7/22/2004,395.3
7/21/2004,397.3
7/20/2004,402.1
7/19/2004,405.8
7/16/2004,406.8
7/15/2004,404.4
7/14/2004,405.6
7/13/2004,402.3
7/12/2004,408.4
7/9/2004,407.9
7/8/2004,408.2
7/7/2004,402.7
7/6/2004,393
7/2/2004,398.7
7/1/2004,396.4
6/30/2004,393
6/29/2004,392.8
6/28/2004,401.3
6/25/2004,403.2
6/24/2004,403.5
6/23/2004,395.5
6/22/2004,395.5
6/21/2004,394.5
6/18/2004,395.7
6/17/2004,389.5
6/16/2004,385.2
6/15/2004,388.7
6/14/2004,384.2
6/10/2004,386.6
6/9/2004,385.2
6/8/2004,391.8
6/7/2004,394.5
6/4/2004,391.7
6/3/2004,388.9
6/2/2004,392.5
6/1/2004,395.4
5/28/2004,394.9
5/27/2004,394.9
5/26/2004,388.3
5/25/2004,388.4
5/24/2004,385.7
5/21/2004,384.9
5/20/2004,378.5
5/19/2004,383
5/18/2004,375.9
5/17/2004,379.6
5/14/2004,377.1
5/13/2004,374.9
5/12/2004,377.7
5/11/2004,377.2
5/10/2004,378.7
5/7/2004,379.1
5/6/2004,388.4
5/5/2004,393.8
5/4/2004,391.8
5/3/2004,387.5
4/30/2004,387.5
4/29/2004,387.1
4/28/2004,385.9
4/27/2004,399.1
4/26/2004,396.6
4/23/2004,395.7
4/22/2004,393.9
4/21/2004,391.4
4/20/2004,398.3
4/19/2004,401.2
4/16/2004,401.6
4/15/2004,398.3
4/14/2004,400.5
4/13/2004,407.7
4/12/2004,420.9
4/8/2004,420.7
4/7/2004,423.7
4/6/2004,419.8
4/5/2004,416.3
4/2/2004,422.5
4/1/2004,428.8
3/31/2004,428.3
3/30/2004,422.8
3/29/2004,417.1
3/26/2004,422.2
3/25/2004,416.9
3/24/2004,417.4
3/23/2004,420
3/22/2004,417.6
3/19/2004,412.7
3/18/2004,411.3
3/17/2004,407.1
3/16/2004,402.6
3/15/2004,399.6
3/12/2004,395.6
3/11/2004,401
3/10/2004,400.3
3/9/2004,404.5
3/8/2004,400.9
3/5/2004,401.6
3/4/2004,393.2
3/3/2004,392.7
3/2/2004,393.8
3/1/2004,399.6
2/27/2004,396.8
2/26/2004,395.5
2/25/2004,396.1
2/24/2004,404.8
2/23/2004,399.3
2/20/2004,398
2/19/2004,410.3
2/18/2004,412.8
2/17/2004,416.5
2/13/2004,410.8
2/12/2004,414.2
2/11/2004,410.7
2/10/2004,407
2/9/2004,407.4
2/6/2004,404.2
2/5/2004,398.8
2/4/2004,401.7
2/3/2004,399.9
2/2/2004,399.3
1/30/2004,402.9
1/29/2004,399.4
1/28/2004,414.6
1/27/2004,410.1
1/26/2004,406.7
1/23/2004,408
1/22/2004,410.1
1/21/2004,411.2
1/20/2004,412.9
1/16/2004,407
1/15/2004,408.7
1/14/2004,422
1/13/2004,424
1/12/2004,426.6
1/9/2004,426.8
1/8/2004,424.4
1/7/2004,422.3
1/6/2004,423.2
1/5/2004,424.8
12/31/2003,416.1
12/30/2003,417.2
12/29/2003,415.3
12/24/2003,412.8
12/23/2003,411.6
12/22/2003,411.3
12/19/2003,409.9
12/18/2003,411.1
12/17/2003,412.7
12/16/2003,408.4
12/15/2003,409.9
12/12/2003,410.1
12/11/2003,405.4
12/10/2003,407
12/9/2003,408.9
12/8/2003,407.5
12/5/2003,407.3
12/4/2003,404.2
12/3/2003,404.8
12/2/2003,404.6
12/1/2003,403.8
11/26/2003,396.8
11/25/2003,391.1
11/24/2003,391.5
11/21/2003,396
11/20/2003,393.7
11/19/2003,394.9
11/18/2003,397.6
11/17/2003,391.5
11/14/2003,398
11/13/2003,394.3
11/12/2003,395
11/11/2003,388.2
11/10/2003,386.7
11/7/2003,383.4
11/6/2003,380.7
11/5/2003,382.7
11/4/2003,380
11/3/2003,377.1
10/31/2003,384.6
10/30/2003,384.4
10/29/2003,387
10/28/2003,383.4
10/27/2003,388.2
10/24/2003,389.2
10/23/2003,385
10/22/2003,386.8
10/21/2003,382
10/20/2003,374.4
10/17/2003,372.2
10/16/2003,373.2
10/15/2003,373.1
10/14/2003,376.2
10/13/2003,375.7
10/10/2003,374.1
10/9/2003,369.8
10/8/2003,376
10/7/2003,377.8
10/6/2003,373.3
10/3/2003,370
10/2/2003,383.7
10/1/2003,385
9/30/2003,386.1
9/29/2003,383.2
9/26/2003,381.8
9/25/2003,385.5
9/24/2003,388.4
9/23/2003,387
9/22/2003,388.3
9/19/2003,382.9
9/18/2003,377.7
9/17/2003,377.3
9/16/2003,374.6
9/15/2003,375.6
9/12/2003,376.9
9/11/2003,380.8
9/10/2003,381.1
9/9/2003,382.8
9/8/2003,376.2
9/5/2003,378.7
9/4/2003,374
9/3/2003,375
9/2/2003,374.3
8/29/2003,376.8
8/28/2003,371.6
8/27/2003,374.1
8/26/2003,366.8
8/25/2003,362.4
8/22/2003,364.3
8/21/2003,361.8
8/20/2003,367
8/19/2003,363
8/18/2003,359.9
8/15/2003,364.7
8/14/2003,367.5
8/13/2003,363.7
8/12/2003,360
8/11/2003,363.3
8/8/2003,357.9
8/7/2003,354.1
8/6/2003,352.4
8/5/2003,351.2
8/4/2003,350.9
8/1/2003,347.8
7/31/2003,355.8
7/30/2003,358.1
7/29/2003,361.7
7/28/2003,364.9
7/25/2003,362.8
7/24/2003,362.3
7/23/2003,359
7/22/2003,350.7
7/21/2003,351
7/18/2003,347.3
7/17/2003,344.3
7/16/2003,343.2
7/15/2003,342.2
7/14/2003,347.8
7/11/2003,345.1
7/10/2003,344.6
7/9/2003,343.9
7/8/2003,344.4
7/7/2003,348.4
7/3/2003,351.3
7/2/2003,351.6
7/1/2003,351.7
6/30/2003,346.3
6/27/2003,345.5
6/26/2003,344.2
6/25/2003,349.6
6/24/2003,346.7
6/23/2003,353.4
6/20/2003,356.7
6/19/2003,361.8
6/18/2003,357.8
6/17/2003,363.8
6/16/2003,359.7
6/13/2003,357.2
6/12/2003,353.9
6/11/2003,356.2
6/10/2003,352.8
6/9/2003,362.6
6/6/2003,364.5
6/5/2003,369.5
6/4/2003,363.6
6/3/2003,366.3
6/2/2003,367.1
5/30/2003,365.6
5/29/2003,370.7
5/28/2003,365.2
5/27/2003,367.8
5/23/2003,368.8
5/22/2003,368.1
5/21/2003,372.2
5/20/2003,366.5
5/19/2003,364.4
5/16/2003,354.9
5/15/2003,352.8
5/14/2003,352.5
5/13/2003,350.2
5/12/2003,351.9
5/9/2003,348.9
5/8/2003,348.7
5/7/2003,342.2
5/6/2003,342.8
5/5/2003,342.6
5/2/2003,341.3
5/1/2003,342.4
4/30/2003,339.4
4/29/2003,334
4/28/2003,334.8
4/25/2003,333.7
4/24/2003,335.1
4/23/2003,331.9
4/22/2003,334.8
4/21/2003,333.9
4/17/2003,327.6
4/16/2003,326.3
4/15/2003,325.5
4/14/2003,324.9
4/11/2003,328.5
4/10/2003,327.3
4/9/2003,326.2
4/8/2003,322.9
4/7/2003,322.2
4/4/2003,326
4/3/2003,325.7
4/2/2003,330.4
4/1/2003,335.2
3/31/2003,336.9
3/28/2003,332.4
3/27/2003,328.4
3/26/2003,330.1
3/25/2003,328.3
3/24/2003,329.5
3/21/2003,326.1
3/20/2003,333
3/19/2003,336.2
3/18/2003,337.7
3/17/2003,337.2
3/14/2003,336.6
3/13/2003,336
3/12/2003,346.6
3/11/2003,350.6
3/10/2003,354.8
3/7/2003,350.9
3/6/2003,356.9
3/5/2003,353.2
3/4/2003,353.3
3/3/2003,349.3
2/28/2003,350.3
2/27/2003,346.2
2/26/2003,354.1
2/25/2003,352.4
2/24/2003,356.4
2/21/2003,351.8
2/20/2003,353.1
2/19/2003,350
2/18/2003,344.3
2/14/2003,352.2
2/13/2003,357.7
2/12/2003,353
2/11/2003,363
2/10/2003,364.2
2/7/2003,370.5
2/6/2003,370.7
2/5/2003,377.2
2/4/2003,379.9
2/3/2003,371.6
1/31/2003,369.1
1/30/2003,369.7
1/29/2003,366.3
1/28/2003,370
1/27/2003,369.4
1/24/2003,368.4
1/23/2003,364.7
1/22/2003,359.9
1/21/2003,357.5
1/17/2003,356.8
1/16/2003,358.1
1/15/2003,351.1
1/14/2003,352.4
1/13/2003,355.1
1/10/2003,354.9
1/9/2003,353.7
1/8/2003,354.3
1/7/2003,347.7
1/6/2003,352.1
1/3/2003,351.6
1/2/2003,346.5
12/31/2002,348.2
12/30/2002,344.1
12/27/2002,349.7
12/26/2002,349.4
12/24/2002,347.3
12/23/2002,345.6
12/20/2002,341
12/19/2002,346.5
12/18/2002,342.7
12/17/2002,338
12/16/2002,337.6
12/13/2002,333.8
12/12/2002,332.1
12/11/2002,325.5
12/10/2002,324.2
12/9/2002,326.5
12/6/2002,327.1
12/5/2002,325.6
12/4/2002,323.1
12/3/2002,321.2
12/2/2002,318.5
11/27/2002,316.8
11/26/2002,317.7
11/25/2002,317.9
11/22/2002,320.9
11/21/2002,317.6
11/20/2002,317.6
11/19/2002,318.8
11/18/2002,319.4
11/15/2002,320.9
11/14/2002,318.1
11/13/2002,318.9
11/12/2002,324.7
11/11/2002,321.6
11/8/2002,321.7
11/7/2002,320.9
11/6/2002,317.9
11/5/2002,318.6
11/4/2002,318.7
11/1/2002,319.2
10/31/2002,318.4
10/30/2002,316.9
10/29/2002,318.1
10/28/2002,315.6
10/25/2002,313.9
10/24/2002,311.2
10/23/2002,312.6
10/22/2002,313.6
10/21/2002,311.5
10/18/2002,313.3
10/17/2002,312.2
10/16/2002,314.7
10/15/2002,313.4
10/14/2002,318.6
10/11/2002,317.2
10/10/2002,317.4
10/9/2002,320.8
10/8/2002,319.4
10/7/2002,323.1
10/4/2002,323.3
10/3/2002,322.4
10/2/2002,322.8
10/1/2002,322.2
9/30/2002,325.2
9/27/2002,321.1
9/26/2002,321.7
9/25/2002,323.6
9/24/2002,327.2
9/23/2002,324.1
9/20/2002,323.2
9/19/2002,323.9
9/18/2002,321.8
9/17/2002,318.2
9/16/2002,318.5
9/13/2002,318.1
9/12/2002,320.4
9/11/2002,318.1
9/10/2002,319.4
9/9/2002,322.8
9/6/2002,321.5
9/5/2002,319.8
9/4/2002,316.5
9/3/2002,315
8/30/2002,313.9
8/29/2002,314.4
8/28/2002,310.9
8/27/2002,313.9
8/26/2002,311
8/23/2002,308.3
8/22/2002,308.3
8/21/2002,309.3
8/20/2002,310.4
8/19/2002,307.7
8/16/2002,315.4
8/15/2002,316.1
8/14/2002,313.5
8/13/2002,315.9
8/12/2002,315.8
8/9/2002,316
8/8/2002,312.2
8/7/2002,316.1
8/6/2002,307.3
8/5/2002,309.6
8/2/2002,309
8/1/2002,306
7/31/2002,305.2
7/30/2002,306
7/29/2002,302.4
7/26/2002,303.3
7/25/2002,309.7
7/24/2002,311.4
7/23/2002,312.6
7/22/2002,323.5
7/19/2002,323.9
7/18/2002,317.1
7/17/2002,317.7
7/16/2002,317.5
7/15/2002,319.9
7/12/2002,315.9
7/11/2002,317.6
7/10/2002,315.1
7/9/2002,316.5
7/8/2002,312.5
7/3/2002,311.3
7/2/2002,313.2
7/1/2002,314.4
6/28/2002,313.9
6/27/2002,319.6
6/26/2002,320.8
6/25/2002,320.5
6/24/2002,324.7
6/21/2002,325.1
6/20/2002,323.7
6/19/2002,320.3
6/18/2002,319.7
6/17/2002,318.1
6/14/2002,319.8
6/13/2002,318.5
6/12/2002,321.1
6/11/2002,320.5
6/10/2002,319.5
6/7/2002,325.4
6/6/2002,325.8
6/5/2002,322.1
6/4/2002,328.8
6/3/2002,327.7
5/31/2002,327.5
5/30/2002,326.7
5/29/2002,325.5
5/28/2002,324.1
5/24/2002,320.7
5/23/2002,322.8
5/22/2002,318.3
5/21/2002,316.1
5/20/2002,316
5/17/2002,310.9
5/16/2002,310.1
5/15/2002,309
5/14/2002,307.6
5/13/2002,310.9
5/10/2002,311.3
5/9/2002,309.8
5/8/2002,308.5
5/7/2002,311.9
5/6/2002,311.5
5/3/2002,312.5
5/2/2002,308.6
5/1/2002,309.4
4/30/2002,309.2
4/29/2002,311.5
4/26/2002,312.1
4/25/2002,308.6
4/24/2002,304.8
4/23/2002,304.6
4/22/2002,303.6
4/19/2002,303
4/18/2002,305.2
4/17/2002,302.8
4/16/2002,299.5
4/15/2002,300.7
4/12/2002,302.9
4/11/2002,303
4/10/2002,302.5
4/9/2002,299.5
4/8/2002,301.3
4/5/2002,301
4/4/2002,302
4/3/2002,303.5
4/2/2002,307
4/1/2002,304.2
3/28/2002,303.7
3/27/2002,302.2
3/26/2002,296.8
3/25/2002,297.7
3/22/2002,297.6
3/21/2002,293.1
3/20/2002,292.4
3/19/2002,293
3/18/2002,292.5
3/15/2002,290.1
3/14/2002,291.2
3/13/2002,293.8
3/12/2002,293.8
3/11/2002,291.3
3/8/2002,290.3
3/7/2002,290.5
3/6/2002,293.9
3/5/2002,294.4
3/4/2002,297.1
3/1/2002,298.4
2/28/2002,297.1
2/27/2002,296.6
2/26/2002,298.2
2/25/2002,292.9
2/22/2002,293.5
2/21/2002,293.5
2/20/2002,292.6
2/19/2002,293.6
2/15/2002,298.9
2/14/2002,300.2
2/13/2002,300
2/12/2002,301.3
2/11/2002,300.8
2/8/2002,304.4
2/7/2002,300.6
2/6/2002,298.3
2/5/2002,299.1
2/4/2002,290.1
2/1/2002,286.8
1/31/2002,282.9
1/30/2002,282.9
1/29/2002,281.4
1/28/2002,278.5
1/25/2002,279.1
1/24/2002,278.4
1/23/2002,278.9
1/22/2002,281.8
1/18/2002,283.4
1/17/2002,284.7
1/16/2002,287.6
1/15/2002,284.7
1/14/2002,285.7
1/11/2002,287.7
1/10/2002,287.4
1/9/2002,283.7
1/8/2002,279.2
1/7/2002,278.9
1/4/2002,279.2
1/3/2002,278.5
1/2/2002,279.2
12/31/2001,279
12/28/2001,276.8
12/27/2001,277.7
12/26/2001,279.6
12/21/2001,278.3
12/20/2001,276.5
12/19/2001,276
12/18/2001,280.9
12/17/2001,278.3
12/14/2001,278.6
12/13/2001,274.6
12/12/2001,274.5
12/11/2001,272.9
12/10/2001,273
12/7/2001,274.7
12/6/2001,275
12/5/2001,274.6
12/4/2001,276.3
12/3/2001,277.9
11/30/2001,274.9
11/29/2001,274.7
11/28/2001,274.1
11/27/2001,273.4
11/26/2001,272.5
11/21/2001,273.1
11/20/2001,273.2
11/19/2001,272.9
11/16/2001,274.9
11/15/2001,275.3
11/14/2001,278
11/13/2001,278
11/12/2001,278.6
11/9/2001,277.7
11/8/2001,277.1
11/7/2001,281.3
11/6/2001,280.2
11/5/2001,279.5
11/2/2001,280.8
11/1/2001,280.7
10/31/2001,280.5
10/30/2001,281.2
10/29/2001,279.7
10/26/2001,278.3
10/25/2001,278.2
10/24/2001,276.3
10/23/2001,276.5
10/22/2001,276.1
10/19/2001,280.7
10/18/2001,279.8
10/17/2001,284
10/16/2001,282.9
10/15/2001,282.7
10/12/2001,285.7
10/11/2001,282.6
10/10/2001,286.7
10/9/2001,289.7
10/8/2001,293.4
10/5/2001,292.5
10/4/2001,291.6
10/3/2001,291
10/2/2001,290.9
10/1/2001,293.5
9/28/2001,294
9/27/2001,293.2
9/26/2001,294.8
9/25/2001,291.8
9/24/2001,290.9
9/21/2001,292.9
9/20/2001,289.8
9/19/2001,292.3
9/18/2001,289.7
9/17/2001,291.5
9/14/2001,292.3
9/11/2001,280
9/10/2001,273.7
9/7/2001,275.1
9/6/2001,275
9/5/2001,274.1
9/4/2001,273.7
8/31/2001,276.5
8/30/2001,277.5
8/29/2001,275.8
8/28/2001,274.4
8/27/2001,274.9
8/24/2001,274.9
8/23/2001,277.7
8/22/2001,277.3
8/21/2001,277.4
8/20/2001,278.6
8/17/2001,282
8/16/2001,277.9
8/15/2001,278.4
8/14/2001,279.1
8/13/2001,278.6
8/10/2001,276.8
8/9/2001,276.2
8/8/2001,270.7
8/7/2001,269.9
8/6/2001,269.9
8/3/2001,270.8
8/2/2001,270.3
8/1/2001,270.3
7/31/2001,269.2
7/30/2001,267.6
7/27/2001,267.4
7/26/2001,266.3
7/25/2001,267.8
7/24/2001,270
7/23/2001,269.1
7/20/2001,270.2
7/19/2001,269.7
7/18/2001,270.8
7/17/2001,268.6
7/16/2001,267.4
7/13/2001,267.6
7/12/2001,267.1
7/11/2001,268.8
7/10/2001,266.7
7/9/2001,267
7/6/2001,266.6
7/5/2001,265.8
7/3/2001,268.3
7/2/2001,270.1
6/29/2001,271.3
6/28/2001,270
6/27/2001,272.8
6/26/2001,277
6/25/2001,274.7
6/22/2001,273.3
6/21/2001,273.6
6/20/2001,273.4
6/19/2001,274.4
6/18/2001,273.4
6/15/2001,272.3
6/14/2001,276.4
6/13/2001,273.1
6/12/2001,272.6
6/11/2001,268.9
6/8/2001,274.5
6/7/2001,267.3
6/6/2001,267
6/5/2001,267.1
6/4/2001,266.5
6/1/2001,268
5/31/2001,266.9
5/30/2001,267.4
5/29/2001,273.9
5/25/2001,278.2
5/24/2001,279.4
5/23/2001,284
5/22/2001,285.5
5/21/2001,285.8
5/18/2001,287.8
5/17/2001,274
5/16/2001,272.4
5/15/2001,268.5
5/14/2001,268.7
5/11/2001,268.3
5/10/2001,269.5
5/9/2001,270.4
5/8/2001,265.5
5/7/2001,266.5
5/4/2001,266.5
5/3/2001,266.7
5/2/2001,265.8
5/1/2001,264.8
4/30/2001,264.4
4/27/2001,264.3
4/26/2001,264.5
4/25/2001,262.6
4/24/2001,264.7
4/23/2001,264.3
4/20/2001,265.4
4/19/2001,266
4/18/2001,262
4/17/2001,261.8
4/16/2001,264.1
4/12/2001,260.9
4/11/2001,259.6
4/10/2001,258.2
4/9/2001,259.2
4/6/2001,260.9
4/5/2001,259.1
4/4/2001,259.4
4/3/2001,257.9
4/2/2001,256.6
3/30/2001,259.2
3/29/2001,260.4
3/28/2001,259.7
3/27/2001,261.1
3/26/2001,262.1
3/23/2001,261.7
3/22/2001,261.4
3/21/2001,262.2
3/20/2001,260.8
3/19/2001,260.1
3/16/2001,258.4
3/15/2001,260.3
3/14/2001,262.9
3/13/2001,267.5
3/12/2001,272.3
3/9/2001,271.5
3/8/2001,266.1
3/7/2001,262.4
3/6/2001,260.9
3/5/2001,263.5
3/2/2001,263.1
3/1/2001,266.2
2/28/2001,267.8
2/27/2001,268.4
2/26/2001,266.8
2/23/2001,262.1
2/22/2001,259.8
2/21/2001,259.4
2/20/2001,257.6
2/16/2001,259.8
2/15/2001,256.9
2/14/2001,261.2
2/13/2001,262.2
2/12/2001,262.7
2/9/2001,262
2/8/2001,262.2
2/7/2001,264.9
2/6/2001,265.4
2/5/2001,267.4
2/2/2001,269.3
2/1/2001,270.7
1/31/2001,268
1/30/2001,268
1/29/2001,262.8
1/26/2001,262.9
1/25/2001,264.8
1/24/2001,264.6
1/23/2001,266.7
1/22/2001,267
1/19/2001,264.9
1/18/2001,264.8
1/17/2001,263.8
1/16/2001,263.9
1/12/2001,264.6
1/11/2001,264.8
1/10/2001,265.6
1/9/2001,268.5
1/8/2001,269
1/5/2001,269
1/4/2001,268.4
1/3/2001,269.3
1/2/2001,270
12/29/2000,273.6
12/28/2000,273.7
12/27/2000,276.9
12/26/2000,275.9
12/22/2000,275.5
12/21/2000,275.7
12/20/2000,274.7
12/19/2000,272
12/18/2000,272
12/15/2000,272.9
12/14/2000,271.5
12/13/2000,271.2
12/12/2000,273.2
12/11/2000,273.1
12/8/2000,275.1
12/7/2000,276.1
12/6/2000,277.3
12/5/2000,273.3
12/4/2000,273.8
12/1/2000,271.9
11/30/2000,273.3
11/29/2000,269.6
11/28/2000,269.8
11/27/2000,270.3
11/22/2000,266.7
11/21/2000,266.1
11/20/2000,266.8
11/17/2000,266.2
11/16/2000,266.3
11/15/2000,265.6
11/14/2000,265.4
11/13/2000,265.3
11/10/2000,265.5
11/9/2000,266.9
11/8/2000,266.1
11/7/2000,265.4
11/6/2000,266
11/3/2000,266.1
11/2/2000,265.9
11/1/2000,265.4
10/31/2000,266.4
10/30/2000,265.8
10/27/2000,265.9
10/26/2000,266.6
10/25/2000,267.9
10/24/2000,272.1
10/23/2000,272
10/20/2000,273.3
10/19/2000,272.3
10/18/2000,272.6
10/17/2000,273.4
10/16/2000,273.9
10/13/2000,274.8
10/12/2000,278.8
10/11/2000,273
10/10/2000,275.1
10/9/2000,272.9
10/6/2000,272.1
10/5/2000,273.4
10/4/2000,273.2
10/3/2000,274.8
10/2/2000,276.3
9/29/2000,276.9
9/28/2000,278.9
9/27/2000,281.6
9/26/2000,277.3
9/25/2000,277.3
9/22/2000,275.1
9/21/2000,273.5
9/20/2000,272.5
9/19/2000,275.4
9/18/2000,274.9
9/15/2000,275.8
9/14/2000,276
9/13/2000,276.5
9/12/2000,276.6
9/11/2000,276.8
9/8/2000,276.8
9/7/2000,277.7
9/6/2000,277.9
9/5/2000,279.7
9/1/2000,280.9
8/31/2000,282.1
8/30/2000,278.2
8/29/2000,277.5
8/28/2000,278.5
8/25/2000,278.6
8/24/2000,277.5
8/23/2000,275.7
8/22/2000,278.3
8/21/2000,280
8/18/2000,281.7
8/17/2000,282.6
8/16/2000,282.3
8/15/2000,279.6
8/14/2000,279.6
8/11/2000,280.3
8/10/2000,277.6
8/9/2000,277.3
8/8/2000,278.7
8/7/2000,279.1
8/4/2000,278.6
8/3/2000,279.5
8/2/2000,282.8
8/1/2000,283.2
7/31/2000,283.2
7/28/2000,284.2
7/27/2000,278.6
7/26/2000,279.7
7/25/2000,279.3
7/24/2000,279.3
7/21/2000,280.6
7/20/2000,280.4
7/19/2000,279.6
7/18/2000,283.1
7/17/2000,284.2
7/14/2000,281.9
7/13/2000,280.9
7/12/2000,281.4
7/11/2000,283.3
7/10/2000,284.9
7/7/2000,284.6
7/6/2000,284.6
7/5/2000,285.3
6/30/2000,291.5
6/29/2000,290.7
6/28/2000,294.3
6/27/2000,287.5
6/26/2000,285.5
6/23/2000,284.8
6/22/2000,287.2
6/21/2000,288.1
6/20/2000,288.1
6/19/2000,288
6/16/2000,291.2
6/15/2000,292.1
6/14/2000,294.2
6/13/2000,288.1
6/12/2000,289.1
6/9/2000,286.4
6/8/2000,286.8
6/7/2000,290
6/6/2000,291.8
6/5/2000,288.2
6/2/2000,284.2
6/1/2000,275.4
5/31/2000,274.8
5/30/2000,275.5
5/26/2000,272.2
5/25/2000,270.7
5/24/2000,273.8
5/23/2000,274.7
5/22/2000,276.2
5/19/2000,274.6
5/18/2000,273.7
5/17/2000,273.8
5/16/2000,276.2
5/15/2000,276.4
5/12/2000,276.9
5/11/2000,276.5
5/10/2000,278.7
5/9/2000,278.2
5/8/2000,277.6
5/5/2000,280.1
5/4/2000,281.2
5/3/2000,279.1
5/2/2000,277
5/1/2000,274.8
4/28/2000,274.7
4/27/2000,278.4
4/26/2000,277.1
4/25/2000,279.8
4/24/2000,281.2
